"time"," Nmr"," Ntr"," N1"," N2"," N3"," Tmr"," Ttr"," T1"," T2"," T3"," TG"
0,14280,14280,14280,14280,14280,-73.7397,-6.90643,0.642447,0.555282,0.642447,0
0.048,14280,14280,14280,14280,14280,-73.7397,-6.90643,0.642447,0.555282,0.642447,0
0.096,14280,14280,14280,14280,14280,-73.7397,-6.90643,0.642447,0.555282,0.642447,0
0.144,14280,14280,14280,14280,14280,-73.7397,-6.90643,0.642447,0.555282,0.642447,0
0.192,14280,14280,14280,14280,14280,-73.7397,-6.90643,0.642447,0.555282,0.642447,0
0.24,14280,14280,14280,14280,14280,-73.7397,-6.90643,0.642447,0.555282,0.642447,0
0.288,14280,14280,14280,14280,14280,-73.7397,-6.90643,0.642447,0.555282,0.642447,0
0.336,14280,14280,14280,14280,14280,-73.7397,-6.90643,0.642447,0.555282,0.642447,0
0.384,14280,14280,14280,14280,14280,-73.7397,-6.90643,0.642447,0.555282,0.642447,0
0.432,14280,14280,14280,14280,14280,-73.7397,-6.90643,0.642447,0.555282,0.642447,0
0.48,14280,14280,14280,14280,14280,-73.7397,-6.90643,0.642447,0.555282,0.642447,0
0.528,14280,14280,14280,14280,14280,-73.7397,-6.90643,0.642447,0.555282,0.642447,0
0.576,14280,14280,14280,14280,14280,-73.7397,-6.90643,0.642447,0.555282,0.642447,0
0.624,14280,14280,14280,14280,14280,-73.7397,-6.90643,0.642447,0.555282,0.642447,0
0.672,14280,14280,14280,14280,14280,-73.7397,-6.90643,0.642447,0.555282,0.642447,0
0.72,14280,14280,14280,14280,14280,-73.7397,-6.90643,0.642447,0.555282,0.642447,0
0.768,14280,14280,14280,14280,14280,-73.7397,-6.90643,0.642447,0.555282,0.642447,0
0.816,14280,14280,14280,14280,14280,-73.7397,-6.90643,0.642447,0.555282,0.642447,0
0.864,14280,14280,14280,14280,14280,-73.7397,-6.90643,0.642447,0.555282,0.642447,0
0.912,14280,14280,14280,14280,14280,-73.7397,-6.90643,0.642447,0.555282,0.642447,0
0.96,14280,14280,14280,14280,14280,-73.7397,-6.90643,0.642447,0.555282,0.642447,0
1.008,14280,14280,14280,14280,14280,-73.7397,-6.90643,0.642447,0.555282,0.642447,0
1.056,14280,14280,14280,14280,14280,-73.7397,-6.90643,0.642447,0.555282,0.642447,0
1.104,14280,14280,14280,14280,14280,-73.7397,-6.90643,0.642447,0.555282,0.642447,0
1.152,14280,14280,14280,14280,14280,-73.7397,-6.90643,0.642447,0.555282,0.642447,0
1.2,14280,14280,14280,14280,14280,-73.7397,-6.90643,0.642447,0.555282,0.642447,0
1.248,14280,14280,14280,14280,14280,-73.7397,-6.90643,0.642447,0.555282,0.642447,0
1.296,14280,14280,14280,14280,14280,-73.7397,-6.90643,0.642447,0.555282,0.642447,0
1.344,14280,14280,14280,14280,14280,-73.7397,-6.90643,0.642447,0.555282,0.642447,0
1.392,14280,14280,14280,14280,14280,-73.7397,-6.90643,0.642447,0.555282,0.642447,0
1.44,14280,14280,14280,14280,14280,-73.7397,-6.90643,0.642447,0.555282,0.642447,0
1.488,14280,14280,14280,14280,14280,-73.7397,-6.90643,0.642447,0.555282,0.642447,0
1.536,14280,14280,14280,14280,14280,-73.7397,-6.90643,0.642447,0.555282,0.642447,0
1.584,14280,14280,14280,14280,14280,-73.7397,-6.90643,0.642447,0.555282,0.642447,0
1.632,14280,14280,14280,14280,14280,-73.7397,-6.90643,0.642447,0.555282,0.642447,0
1.68,14280,14280,14280,14280,14280,-73.7397,-6.90643,0.642447,0.555282,0.642447,0
1.728,14280,14280,14280,14280,14280,-73.7397,-6.90643,0.642447,0.555282,0.642447,0
1.776,14280,14280,14280,14280,14280,-73.7397,-6.90643,0.642447,0.555282,0.642447,0
1.824,14280,14280,14280,14280,14280,-73.7397,-6.90643,0.642447,0.555282,0.642447,0
1.872,14280,14280,14280,14280,14280,-73.7397,-6.90643,0.642447,0.555282,0.642447,0
1.92,14280,14280,14280,14280,14280,-73.7397,-6.90643,0.642447,0.555282,0.642447,0
1.968,14280,14280,14280,14280,14280,-73.7397,-6.90643,0.642447,0.555282,0.642447,0
2.016,14280,14280,14280,14280,14280,-73.7397,-6.90643,0.642447,0.555282,0.642447,0
2.064,14280,14280,14280,14280,14280,-73.7397,-6.90643,0.642447,0.555282,0.642447,0
2.112,14280,14280,14280,14280,14280,-73.7397,-6.90643,0.642447,0.555282,0.642447,0
2.16,14280,14280,14280,14280,14280,-73.7397,-6.90643,0.642447,0.555282,0.642447,0
2.208,14280,14280,14280,14280,14280,-73.7397,-6.90643,0.642447,0.555282,0.642447,0
2.256,14280,14280,14280,14280,14280,-73.7397,-6.90643,0.642447,0.555282,0.642447,0
2.304,14280,14280,14280,14280,14280,-73.7397,-6.90643,0.642447,0.555282,0.642447,0
2.352,14280,14280,14280,14280,14280,-73.7397,-6.90643,0.642447,0.555282,0.642447,0
2.4,14280,14280,14280,14280,14280,-73.7397,-6.90643,0.642447,0.555282,0.642447,0
2.448,14280,14280,14280,14280,14280,-73.7397,-6.90643,0.642447,0.555282,0.642447,0
2.496,14280,14280,14280,14280,14280,-73.7397,-6.90643,0.642447,0.555282,0.642447,0
2.544,14280,14280,14280,14280,14280,-73.7397,-6.90643,0.642447,0.555282,0.642447,0
2.592,14280,14280,14280,14280,14280,-73.7397,-6.90643,0.642447,0.555282,0.642447,0
2.64,14280,14280,14280,14280,14280,-73.7397,-6.90643,0.642447,0.555282,0.642447,0
2.688,14280,14280,14280,14280,14280,-73.7397,-6.90643,0.642447,0.555282,0.642447,0
2.736,14280,14280,14280,14280,14280,-73.7397,-6.90643,0.642447,0.555282,0.642447,0
2.784,14280,14280,14280,14280,14280,-73.7397,-6.90643,0.642447,0.555282,0.642447,0
2.832,14280,14280,14280,14280,14280,-73.7397,-6.90643,0.642447,0.555282,0.642447,0
2.88,14280,14280,14280,14280,14280,-73.7397,-6.90643,0.642447,0.555282,0.642447,0
2.928,14280,14280,14280,14280,14280,-73.7397,-6.90643,0.642447,0.555282,0.642447,0
2.976,14280,14280,14280,14280,14280,-73.7397,-6.90643,0.642447,0.555282,0.642447,0
3.024,14280,14280,14280,14280,14280,-73.7397,-6.90643,0.642447,0.555282,0.642447,0
3.072,14280,14280,14280,14280,14280,-73.7397,-6.90643,0.642447,0.555282,0.642447,0
3.12,14280,14280,14280,14280,14280,-73.7397,-6.90643,0.642447,0.555282,0.642447,0
3.168,14280,14280,14280,14280,14280,-73.7397,-6.90643,0.642447,0.555282,0.642447,0
3.216,14280,14280,14280,14280,14280,-73.7397,-6.90643,0.642447,0.555282,0.642447,0
3.264,14280,14280,14280,14280,14280,-73.7397,-6.90643,0.642447,0.555282,0.642447,0
3.312,14280,14280,14280,14280,14280,-73.7397,-6.90643,0.642447,0.555282,0.642447,0
3.36,14280,14280,14280,14280,14280,-73.7397,-6.90643,0.642447,0.555282,0.642447,0
3.408,14280,14280,14280,14280,14280,-73.7397,-6.90643,0.642447,0.555282,0.642447,0
3.456,14280,14280,14280,14280,14280,-73.7397,-6.90643,0.642447,0.555282,0.642447,0
3.504,14280,14280,14280,14280,14280,-73.7397,-6.90643,0.642447,0.555282,0.642447,0
3.552,14280,14280,14280,14280,14280,-73.7397,-6.90643,0.642447,0.555282,0.642447,0
3.6,14280,14280,14280,14280,14280,-73.7397,-6.90643,0.642447,0.555282,0.642447,0
3.648,14280,14280,14280,14280,14280,-73.7397,-6.90643,0.642447,0.555282,0.642447,0
3.696,14280,14280,14280,14280,14280,-73.7397,-6.90643,0.642447,0.555282,0.642447,0
3.744,14280,14280,14280,14280,14280,-73.7397,-6.90643,0.642447,0.555282,0.642447,0
3.792,14280,14280,14280,14280,14280,-73.7397,-6.90643,0.642447,0.555282,0.642447,0
3.84,14280,14280,14280,14280,14280,-73.7397,-6.90643,0.642447,0.555282,0.642447,0
3.888,14280,14280,14280,14280,14280,-73.7397,-6.90643,0.642447,0.555282,0.642447,0
3.936,14280,14280,14280,14280,14280,-73.7397,-6.90643,0.642447,0.555282,0.642447,0
3.984,14280,14280,14280,14280,14280,-73.7397,-6.90643,0.642447,0.555282,0.642447,0
4.032,14280,14280,14280,14280,14280,-73.7397,-6.90643,0.642447,0.555282,0.642447,0
4.08,14280,14280,14280,14280,14280,-73.7397,-6.90643,0.642447,0.555282,0.642447,0
4.128,14280,14280,14280,14280,14280,-73.7397,-6.90643,0.642447,0.555282,0.642447,0
4.176,14280,14280,14280,14280,14280,-73.7397,-6.90643,0.642447,0.555282,0.642447,0
4.224,14280,14280,14280,14280,14280,-73.7397,-6.90643,0.642447,0.555282,0.642447,0
4.272,14280,14280,14280,14280,14280,-73.7397,-6.90643,0.642447,0.555282,0.642447,0
4.32,14280,14280,14280,14280,14280,-73.7397,-6.90643,0.642447,0.555282,0.642447,0
4.368,14280,14280,14280,14280,14280,-73.7397,-6.90643,0.642447,0.555282,0.642447,0
4.416,14280,14280,14280,14280,14280,-73.7397,-6.90643,0.642447,0.555282,0.642447,0
4.464,14280,14280,14280,14280,14280,-73.7397,-6.90643,0.642447,0.555282,0.642447,0
4.512,14280,14280,14280,14280,14280,-73.7397,-6.90643,0.642447,0.555282,0.642447,0
4.56,14280,14280,14280,14280,14280,-73.7397,-6.90643,0.642447,0.555282,0.642447,0
4.608,14280,14280,14280,14280,14280,-73.7397,-6.90643,0.642447,0.555282,0.642447,0
4.656,14280,14280,14280,14280,14280,-73.7397,-6.90643,0.642447,0.555282,0.642447,0
4.704,14280,14280,14280,14280,14280,-73.7397,-6.90643,0.642447,0.555282,0.642447,0
4.752,14280,14280,14280,14280,14280,-73.7397,-6.90643,0.642447,0.555282,0.642447,0
4.8,14280,14280,14280,14280,14280,-73.7397,-6.90643,0.642447,0.555282,0.642447,0
4.848,14280,14280,14280,14280,14280,-73.7397,-6.90643,0.642447,0.555282,0.642447,0
4.896,14280,14280,14280,14280,14280,-73.7397,-6.90643,0.642447,0.555282,0.642447,0
4.944,14280,14280,14280,14280,14280,-73.7397,-6.90643,0.642447,0.555282,0.642447,0
4.992,14280,14280,14280,14280,14280,-73.7397,-6.90643,0.642447,0.555282,0.642447,0
5.04,14279.8,14279.7,14280,14280,14280,-73.7432,-6.91232,0.642552,0.555379,0.642552,0
5.088,14279.4,14279.3,14279.9,14279.9,14279.9,-73.7608,-6.93678,0.643025,0.555785,0.643025,0
5.136,14279.1,14279.5,14279.5,14279.5,14279.5,-73.7826,-6.94785,0.643342,0.556055,0.643342,0
5.184,14278.7,14279.7,14279,14279.1,14279,-73.8003,-6.92803,0.643197,0.555929,0.643197,0
5.232,14278.4,14279.2,14278.7,14278.7,14278.7,-73.8152,-6.89997,0.642916,0.555687,0.642916,0
5.28,14278.1,14278.3,14278.5,14278.5,14278.5,-73.8315,-6.89733,0.643,0.555758,0.643,0
5.328,14277.9,14277.6,14278.1,14278.1,14278.1,-73.8459,-6.92099,0.643438,0.556134,0.643438,0
5.376,14277.7,14277.4,14277.6,14277.6,14277.6,-73.8485,-6.93847,0.643701,0.556361,0.643701,0
5.424,14277.4,14277.4,14277,14277,14277,-73.8336,-6.92699,0.643429,0.556131,0.643429,0
5.472,14277.2,14277,14276.6,14276.6,14276.6,-73.8078,-6.90353,0.642908,0.555686,0.642908,0
5.52,14276.9,14276.2,14276.4,14276.4,14276.4,-73.7833,-6.90207,0.642706,0.555512,0.642706,0
5.568,14276.6,14275.6,14276.2,14276.2,14276.2,-73.7658,-6.92825,0.642943,0.555714,0.642943,0
5.616,14276.2,14275.7,14275.9,14275.9,14275.9,-73.7519,-6.95123,0.643163,0.555899,0.643163,0
5.664,14275.9,14276,14275.6,14275.6,14275.6,-73.7384,-6.94371,0.642958,0.555721,0.642958,0
5.712,14275.5,14276,14275.4,14275.4,14275.4,-73.73,-6.9174,0.642529,0.555351,0.642529,0
5.76,14275.2,14275.4,14275.4,14275.4,14275.4,-73.7359,-6.90726,0.64243,0.555267,0.64243,0
5.808,14274.8,14274.8,14275.4,14275.4,14275.4,-73.7572,-6.92538,0.642841,0.555621,0.642841,0
5.856,14274.5,14274.8,14275.1,14275.1,14275.1,-73.7838,-6.94532,0.643316,0.556032,0.643316,0
5.904,14274.3,14275,14274.6,14274.6,14274.6,-73.8039,-6.93747,0.643355,0.556068,0.643355,0
5.952,14274,14274.8,14274.2,14274.2,14274.2,-73.8151,-6.90881,0.643036,0.555796,0.643036,0
6,14273.8,14274,14273.9,14273.9,14273.9,-73.8223,-6.89432,0.642887,0.555669,0.642887,0
6.048,14273.6,14273.1,14273.7,14273.7,14273.7,-73.828,-6.91145,0.64317,0.555908,0.64317,0
6.096,14273.4,14272.8,14273.2,14273.2,14273.2,-73.8258,-6.9374,0.643518,0.556204,0.643518,0
6.144,14273.2,14272.9,14272.7,14272.7,14272.7,-73.8091,-6.93928,0.643421,0.556118,0.643421,0
6.192,14272.9,14272.8,14272.3,14272.3,14272.3,-73.7809,-6.91725,0.642904,0.555674,0.642904,0
6.24,14272.7,14272.2,14272.2,14272.2,14272.2,-73.7537,-6.90383,0.642514,0.55534,0.642514,0
6.288,14272.4,14271.6,14272.1,14272.1,14272.1,-73.7372,-6.92036,0.642622,0.555435,0.642622,0
6.336,14272.1,14271.5,14272,14272,14272,-73.7305,-6.94821,0.642961,0.555727,0.642961,0
6.384,14271.7,14271.9,14271.7,14271.7,14271.7,-73.7272,-6.95276,0.642999,0.555761,0.642999,0
6.432,14271.4,14272.1,14271.5,14271.5,14271.5,-73.7265,-6.9287,0.642658,0.555469,0.642658,0
6.48,14271.1,14271.7,14271.4,14271.4,14271.4,-73.7352,-6.90693,0.642418,0.555262,0.642418,0
6.528,14270.9,14271,14271.4,14271.4,14271.4,-73.757,-6.914,0.64268,0.555485,0.64268,0
6.576,14270.6,14270.7,14271.2,14271.2,14271.2,-73.7849,-6.93752,0.643217,0.555943,0.643217,0
6.624,14270.4,14270.9,14270.7,14270.7,14270.7,-73.8057,-6.94312,0.64345,0.556142,0.64345,0
6.672,14270.2,14270.9,14270.3,14270.3,14270.3,-73.8131,-6.92044,0.643187,0.555918,0.643187,0
6.72,14270,14270.3,14270,14270,14270,-73.8115,-6.89739,0.642852,0.555633,0.642852,0
6.768,14269.9,14269.4,14269.8,14269.8,14269.8,-73.8075,-6.90372,0.64291,0.555686,0.64291,0
6.816,14269.7,14268.9,14269.5,14269.5,14269.5,-73.8002,-6.93194,0.64325,0.555978,0.64325,0
6.864,14269.5,14269,14269,14269,14269,-73.7834,-6.94704,0.643336,0.556052,0.643336,0
6.912,14269.3,14269.1,14268.6,14268.6,14268.6,-73.7565,-6.93228,0.642931,0.555702,0.642931,0
6.96,14269,14268.8,14268.5,14268.5,14268.5,-73.7297,-6.91067,0.642431,0.555271,0.642431,0
7.008,14268.7,14268.2,14268.5,14268.5,14268.5,-73.715,-6.91398,0.642369,0.555214,0.642369,0
7.056,14268.4,14267.9,14268.5,14268.5,14268.5,-73.7145,-6.94023,0.642733,0.555525,0.642733,0
7.104,14268.2,14268.2,14268.3,14268.3,14268.3,-73.7211,-6.95589,0.643001,0.555755,0.643001,0
7.152,14267.9,14268.6,14268,14268,14268,-73.7286,-6.93991,0.642832,0.555613,0.642832,0
7.2,14267.6,14268.4,14267.9,14267.9,14267.9,-73.7397,-6.91159,0.642517,0.555346,0.642517,0
7.248,14267.4,14267.8,14267.9,14267.9,14267.9,-73.7594,-6.90551,0.642577,0.5554,0.642577,0
7.296,14267.2,14267.2,14267.7,14267.7,14267.7,-73.7847,-6.92644,0.643058,0.555813,0.643058,0
7.344,14267,14267.2,14267.3,14267.3,14267.3,-73.8041,-6.9437,0.643443,0.556143,0.643443,0
7.392,14266.9,14267.3,14266.8,14266.8,14266.8,-73.8081,-6.93224,0.643313,0.55603,0.643313,0
7.44,14266.8,14267,14266.5,14266.5,14266.5,-73.7989,-6.90612,0.642881,0.555657,0.642881,0
7.488,14266.6,14266.2,14266.3,14266.3,14266.3,-73.7858,-6.90018,0.642701,0.5555,0.642701,0
7.536,14266.4,14265.5,14266.2,14266.2,14266.2,-73.7732,-6.92404,0.642942,0.555706,0.642942,0
7.584,14266.2,14265.5,14265.9,14265.9,14265.9,-73.7575,-6.94907,0.643175,0.555907,0.643175,0
7.632,14266,14265.8,14265.5,14265.5,14265.5,-73.735,-6.94564,0.64296,0.555724,0.64296,0
7.68,14265.8,14265.9,14265.3,14265.4,14265.3,-73.7119,-6.92158,0.64245,0.555289,0.64245,0
7.728,14265.5,14265.4,14265.4,14265.4,14265.4,-73.6998,-6.91124,0.642216,0.555089,0.642216,0
7.776,14265.3,14264.9,14265.5,14265.5,14265.5,-73.7043,-6.9297,0.642508,0.555339,0.642508,0
7.824,14265,14265,14265.4,14265.4,14265.4,-73.7191,-6.95265,0.642939,0.555706,0.642939,0
7.872,14264.8,14265.4,14265.1,14265.1,14265.1,-73.7342,-6.94846,0.642993,0.555751,0.642993,0
7.92,14264.6,14265.5,14264.9,14264.9,14264.9,-73.7472,-6.92018,0.642695,0.555494,0.642695,0
7.968,14264.4,14264.9,14264.8,14264.8,14264.8,-73.7629,-6.90202,0.642557,0.555376,0.642557,0
8.016,14264.3,14264.2,14264.7,14264.7,14264.7,-73.7826,-6.91483,0.642882,0.555656,0.642882,0
8.064,14264.1,14263.9,14264.4,14264.4,14264.4,-73.798,-6.9392,0.643337,0.556049,0.643337,0
8.112,14264,14264.1,14263.9,14263.9,14263.9,-73.799,-6.94157,0.643376,0.556085,0.643376,0
8.16,14263.9,14264.1,14263.5,14263.5,14263.5,-73.7844,-6.91876,0.642948,0.555719,0.642948,0
8.208,14263.8,14263.5,14263.3,14263.3,14263.3,-73.764,-6.9022,0.642565,0.55539,0.642565,0
8.256,14263.6,14262.8,14263.3,14263.3,14263.3,-73.7467,-6.91623,0.642634,0.555447,0.642634,0
8.304,14263.4,14262.6,14263.1,14263.1,14263.1,-73.7327,-6.94552,0.642941,0.555707,0.642941,0
8.352,14263.2,14262.9,14262.8,14262.8,14262.8,-73.7169,-6.95473,0.642954,0.555715,0.642954,0
8.4,14263,14263.2,14262.7,14262.7,14262.7,-73.7003,-6.93448,0.642547,0.555365,0.642547,0
8.448,14262.8,14263,14262.7,14262.7,14262.7,-73.692,-6.91325,0.642189,0.555059,0.642189,0
8.496,14262.5,14262.4,14262.8,14262.8,14262.8,-73.6998,-6.91948,0.642333,0.555185,0.642333,0
8.544,14262.3,14262.3,14262.8,14262.8,14262.8,-73.72,-6.944,0.642825,0.555609,0.642825,0
8.592,14262.1,14262.6,14262.5,14262.5,14262.5,-73.741,-6.95234,0.643097,0.555844,0.643097,0
8.64,14262,14262.8,14262.2,14262.2,14262.2,-73.7557,-6.9306,0.642901,0.555678,0.642901,0
8.688,14261.8,14262.5,14262.1,14262.1,14262.1,-73.7665,-6.90438,0.642614,0.555432,0.642614,0
8.736,14261.7,14261.7,14262,14262,14262,-73.7782,-6.90559,0.642719,0.555519,0.642719,0
8.784,14261.6,14261.2,14261.8,14261.8,14261.8,-73.7876,-6.93089,0.643144,0.555881,0.643144,0
8.832,14261.5,14261.2,14261.3,14261.3,14261.3,-73.7856,-6.94645,0.643348,0.556054,0.643348,0
8.88,14261.4,14261.4,14260.9,14260.9,14260.9,-73.7683,-6.93265,0.643026,0.555778,0.643026,0
8.928,14261.3,14261.1,14260.7,14260.7,14260.7,-73.7433,-6.90982,0.64252,0.555346,0.64252,0
8.976,14261.1,14260.5,14260.8,14260.8,14260.8,-73.7226,-6.91101,0.642383,0.55523,0.642383,0
9.024,14260.9,14260.1,14260.7,14260.7,14260.7,-73.7106,-6.93786,0.642668,0.555476,0.642668,0
9.072,14260.7,14260.4,14260.6,14260.6,14260.6,-73.7024,-6.95785,0.642887,0.555664,0.642887,0
9.12,14260.5,14260.8,14260.4,14260.4,14260.4,-73.6942,-6.94665,0.64267,0.555477,0.64267,0
9.168,14260.3,14260.9,14260.3,14260.3,14260.3,-73.691,-6.91984,0.642272,0.555134,0.642272,0
9.216,14260.1,14260.4,14260.5,14260.5,14260.5,-73.7007,-6.91225,0.642238,0.555103,0.642238,0
9.264,14260,14260,14260.5,14260.5,14260.5,-73.723,-6.93211,0.642683,0.555482,0.642683,0
9.312,14259.8,14260.1,14260.3,14260.3,14260.3,-73.7474,-6.95058,0.643122,0.555859,0.643122,0
9.36,14259.7,14260.4,14259.9,14259.9,14259.9,-73.7629,-6.94028,0.643092,0.555836,0.643092,0
9.408,14259.6,14260.2,14259.7,14259.7,14259.7,-73.7689,-6.91203,0.64274,0.555537,0.64274,0
9.456,14259.5,14259.5,14259.6,14259.6,14259.6,-73.7716,-6.90108,0.642606,0.555425,0.642606,0
9.504,14259.4,14258.8,14259.4,14259.4,14259.4,-73.7735,-6.92103,0.642899,0.555677,0.642899,0
9.552,14259.3,14258.7,14259.1,14259.1,14259.1,-73.7685,-6.94605,0.643212,0.555945,0.643212,0
9.6,14259.2,14259,14258.8,14258.8,14258.8,-73.7508,-6.94488,0.643066,0.555816,0.643066,0
9.648,14259.1,14259.1,14258.5,14258.5,14258.5,-73.7248,-6.92172,0.642549,0.555371,0.642549,0
9.696,14258.9,14258.6,14258.6,14258.6,14258.6,-73.7026,-6.91021,0.642225,0.55509,0.642225,0
9.744,14258.8,14258.1,14258.7,14258.7,14258.7,-73.6925,-6.92849,0.642406,0.555244,0.642406,0
9.792,14258.6,14258.2,14258.6,14258.6,14258.6,-73.6916,-6.9547,0.642766,0.555553,0.642766,0
9.84,14258.4,14258.7,14258.4,14258.4,14258.4,-73.6927,-6.95543,0.642783,0.55557,0.642783,0
9.888,14258.2,14258.9,14258.3,14258.3,14258.3,-73.6954,-6.92957,0.64244,0.555279,0.64244,0
9.936,14258.1,14258.6,14258.4,14258.4,14258.4,-73.7059,-6.90983,0.642241,0.555111,0.642241,0
9.984,14257.9,14258,14258.4,14258.4,14258.4,-73.7273,-6.91986,0.64254,0.555368,0.64254,0
10.032,14257.8,14257.8,14258.3,14258.3,14258.3,-73.7518,-6.94355,0.643054,0.555807,0.643054,0
10.08,14257.7,14258.1,14257.9,14257.9,14257.9,-73.7672,-6.94683,0.643215,0.555943,0.643215,0
10.128,14257.6,14258.2,14257.6,14257.6,14257.6,-73.7689,-6.92314,0.642897,0.555668,0.642897,0
10.176,14257.6,14257.7,14257.4,14257.4,14257.4,-73.7632,-6.90255,0.642567,0.555384,0.642567,0
10.224,14257.5,14256.9,14257.4,14257.4,14257.4,-73.7569,-6.9123,0.642656,0.555461,0.642656,0
10.272,14257.4,14256.6,14257.2,14257.2,14257.2,-73.7487,-6.94087,0.642995,0.555753,0.642995,0
10.32,14257.3,14256.9,14256.9,14256.9,14256.9,-73.7327,-6.95293,0.643044,0.555797,0.643044,0
10.368,14257.2,14257.2,14256.7,14256.7,14256.7,-73.7089,-6.93551,0.642623,0.555438,0.642623,0
10.416,14257,14257,14256.7,14256.7,14256.7,-73.6877,-6.91453,0.642172,0.555051,0.642172,0
10.464,14256.9,14256.5,14256.8,14256.8,14256.8,-73.6796,-6.92011,0.64219,0.555065,0.64219,0
10.512,14256.7,14256.3,14256.9,14256.9,14256.9,-73.6848,-6.94634,0.642597,0.555411,0.642597,0
10.56,14256.5,14256.7,14256.7,14256.7,14256.7,-73.6947,-6.95886,0.642846,0.555623,0.642846,0
10.608,14256.4,14257.2,14256.6,14256.6,14256.6,-73.7035,-6.94012,0.64265,0.555453,0.64265,0
10.656,14256.3,14257,14256.5,14256.5,14256.5,-73.7143,-6.91277,0.642347,0.555195,0.642347,0
10.704,14256.2,14256.4,14256.6,14256.6,14256.6,-73.7321,-6.91016,0.642442,0.555278,0.642442,0
10.752,14256.1,14256,14256.5,14256.5,14256.5,-73.7535,-6.93291,0.642918,0.555689,0.642918,0
10.8,14256,14256.1,14256.2,14256.2,14256.2,-73.7672,-6.94863,0.643239,0.555967,0.643239,0
10.848,14256,14256.3,14255.8,14255.8,14255.8,-73.7657,-6.93509,0.643038,0.555796,0.643038,0
10.896,14255.9,14256,14255.6,14255.6,14255.6,-73.7531,-6.90986,0.642592,0.555412,0.642592,0
10.944,14255.8,14255.4,14255.6,14255.6,14255.6,-73.7392,-6.90716,0.642451,0.55529,0.642451,0
10.992,14255.7,14254.9,14255.5,14255.5,14255.5,-73.7278,-6.93259,0.642724,0.55552,0.642724,0
11.04,14255.6,14255,14255.3,14255.3,14255.3,-73.7146,-6.95533,0.642945,0.555707,0.642945,0
11.088,14255.5,14255.5,14255.1,14255.1,14255.1,-73.6961,-6.94829,0.64271,0.555504,0.64271,0
11.136,14255.4,14255.6,14255.1,14255.1,14255.1,-73.6785,-6.92333,0.642229,0.555093,0.642229,0
11.184,14255.2,14255.2,14255.2,14255.2,14255.2,-73.6726,-6.91509,0.642069,0.554958,0.642069,0
11.232,14255.1,14254.8,14255.4,14255.4,14255.4,-73.6819,-6.93503,0.642417,0.555259,0.642417,0
11.28,14254.9,14255,14255.3,14255.3,14255.3,-73.6988,-6.95619,0.642837,0.555621,0.642837,0
11.328,14254.8,14255.5,14255.1,14255.1,14255.1,-73.7133,-6.94891,0.642843,0.555626,0.642843,0
11.376,14254.7,14255.5,14254.9,14254.9,14254.9,-73.7242,-6.92028,0.642524,0.555352,0.642524,0
11.424,14254.6,14255,14254.9,14254.9,14254.9,-73.7367,-6.90529,0.642408,0.55525,0.642408,0
11.472,14254.6,14254.4,14254.9,14254.9,14254.9,-73.7522,-6.92121,0.642746,0.555538,0.642746,0
11.52,14254.5,14254.3,14254.7,14254.7,14254.7,-73.7626,-6.9453,0.64316,0.555892,0.64316,0
11.568,14254.5,14254.5,14254.3,14254.3,14254.3,-73.7588,-6.94512,0.64313,0.555867,0.64313,0
11.616,14254.4,14254.6,14254,14254,14254,-73.7418,-6.92149,0.642672,0.555477,0.642672,0
11.664,14254.4,14254.1,14254,14254,14254,-73.7219,-6.90725,0.642325,0.555181,0.642325,0
11.712,14254.3,14253.5,14254,14254,14254,-73.7077,-6.92368,0.642448,0.555288,0.642448,0
11.76,14254.2,14253.5,14254,14254,14254,-73.6976,-6.95193,0.642769,0.555563,0.642769,0
11.808,14254.1,14254,14253.8,14253.8,14253.8,-73.6863,-6.95737,0.642762,0.555554,0.642762,0
11.856,14253.9,14254.3,14253.7,14253.7,14253.7,-73.6746,-6.93477,0.64236,0.555207,0.64236,0
11.904,14253.8,14254.1,14253.8,14253.8,14253.8,-73.6715,-6.91486,0.642059,0.554947,0.642059,0
11.952,14253.6,14253.6,14254,14254,14254,-73.683,-6.9236,0.642267,0.555124,0.642267,0
12,14253.5,14253.5,14254,14254,14254,-73.704,-6.94805,0.642765,0.555552,0.642765,0
12.048,14253.4,14253.9,14253.8,14253.8,14253.8,-73.7229,-6.95369,0.642983,0.555741,0.642983,0
12.096,14253.4,14254.2,14253.5,14253.5,14253.5,-73.7338,-6.9304,0.642737,0.555533,0.642737,0
12.144,14253.3,14253.8,14253.5,14253.5,14253.5,-73.7405,-6.90635,0.642449,0.555289,0.642449,0
12.192,14253.3,14253.1,14253.5,14253.5,14253.5,-73.7481,-6.91129,0.642574,0.555398,0.642574,0
12.24,14253.2,14252.7,14253.3,14253.3,14253.3,-73.7535,-6.93774,0.642985,0.555749,0.642985,0
12.288,14253.2,14253,14253,14253,14253,-73.7481,-6.951,0.643132,0.555872,0.643132,0
12.336,14253.2,14253.2,14252.7,14252.7,14252.7,-73.7295,-6.93493,0.64277,0.555559,0.64277,0
12.384,14253.1,14253,14252.6,14252.6,14252.6,-73.7064,-6.91294,0.642291,0.555146,0.642291,0
12.432,14253,14252.4,14252.7,14252.7,14252.7,-73.69,-6.91673,0.642223,0.555087,0.642223,0
12.48,14252.9,14252.2,14252.8,14252.8,14252.8,-73.683,-6.94397,0.642551,0.55537,0.642551,0
12.528,14252.8,14252.6,14252.7,14252.7,14252.7,-73.6794,-6.96084,0.64276,0.555551,0.64276,0
12.576,14252.7,14253.1,14252.6,14252.6,14252.6,-73.6754,-6.9463,0.642526,0.555352,0.642526,0
12.624,14252.5,14253.1,14252.6,14252.6,14252.6,-73.6757,-6.91959,0.642153,0.555035,0.642153,0
12.672,14252.4,14252.6,14252.8,14252.8,14252.8,-73.6876,-6.91485,0.642175,0.555054,0.642175,0
12.72,14252.3,14252.3,14252.8,14252.8,14252.8,-73.7096,-6.93634,0.64264,0.55545,0.64264,0
12.768,14252.3,14252.5,14252.6,14252.6,14252.6,-73.7307,-6.95317,0.643033,0.555785,0.643033,0
12.816,14252.2,14252.8,14252.3,14252.3,14252.3,-73.7413,-6.94057,0.642937,0.555701,0.642937,0
12.864,14252.2,14252.7,14252.2,14252.2,14252.2,-73.7426,-6.91304,0.642561,0.555378,0.642561,0
12.912,14252.2,14252,14252.2,14252.2,14252.2,-73.7417,-6.90563,0.64245,0.555285,0.64245,0
12.96,14252.1,14251.5,14252.1,14252.1,14252.1,-73.741,-6.92797,0.642756,0.555549,0.642756,0
13.008,14252.1,14251.5,14251.9,14251.9,14251.9,-73.7343,-6.95157,0.643036,0.555791,0.643036,0
13.056,14252.1,14251.9,14251.6,14251.6,14251.6,-73.7167,-6.94724,0.642845,0.555628,0.642845,0
13.104,14252,14252,14251.5,14251.5,14251.5,-73.6934,-6.92322,0.642336,0.555191,0.642336,0
13.152,14251.9,14251.6,14251.6,14251.6,14251.6,-73.6763,-6.91382,0.642078,0.554968,0.642078,0
13.2,14251.8,14251.2,14251.8,14251.8,14251.8,-73.6718,-6.93371,0.642324,0.555176,0.642324,0
13.248,14251.7,14251.4,14251.8,14251.8,14251.8,-73.6754,-6.9581,0.642693,0.55549,0.642693,0
13.296,14251.5,14251.9,14251.6,14251.6,14251.6,-73.6795,-6.95522,0.642684,0.555481,0.642684,0
13.344,14251.4,14252.2,14251.6,14251.6,14251.6,-73.6839,-6.92812,0.642337,0.555185,0.642337,0
13.392,14251.4,14251.8,14251.7,14251.7,14251.7,-73.6949,-6.91084,0.642176,0.555049,0.642176,0
13.44,14251.3,14251.3,14251.8,14251.8,14251.8,-73.7148,-6.9238,0.642504,0.555334,0.642504,0
13.488,14251.2,14251.2,14251.6,14251.6,14251.6,-73.7354,-6.94737,0.642986,0.555749,0.642986,0
13.536,14251.2,14251.6,14251.3,14251.3,14251.3,-73.7455,-6.94822,0.643072,0.555824,0.643072,0
13.584,14251.2,14251.7,14251.1,14251.1,14251.1,-73.7424,-6.92372,0.642707,0.55551,0.642707,0
13.632,14251.2,14251.2,14251,14251,14251,-73.7337,-6.90571,0.642391,0.555237,0.642391,0
13.68,14251.2,14250.5,14251,14251,14251,-73.7263,-6.91858,0.642517,0.555342,0.642517,0
13.728,14251.1,14250.4,14250.9,14250.9,14250.9,-73.7183,-6.94698,0.642856,0.55563,0.642856,0
13.776,14251.1,14250.8,14250.7,14250.7,14250.7,-73.7037,-6.95578,0.642871,0.555643,0.642871,0
13.824,14251,14251.1,14250.6,14250.6,14250.6,-73.6834,-6.93595,0.642442,0.555276,0.642442,0
13.872,14250.9,14250.9,14250.6,14250.6,14250.6,-73.6674,-6.91598,0.642043,0.554937,0.642043,0
13.92,14250.8,14250.4,14250.8,14250.8,14250.8,-73.6649,-6.9239,0.642134,0.555017,0.642134,0
13.968,14250.7,14250.4,14250.9,14250.9,14250.9,-73.6741,-6.94995,0.642567,0.555389,0.642567,0
14.016,14250.6,14250.9,14250.8,14250.8,14250.8,-73.6858,-6.95937,0.642785,0.555575,0.642785,0
14.064,14250.5,14251.3,14250.7,14250.7,14250.7,-73.6945,-6.93832,0.642556,0.555377,0.642556,0
14.112,14250.4,14251.1,14250.7,14250.7,14250.7,-73.7041,-6.91241,0.642266,0.555126,0.642266,0
14.16,14250.4,14250.5,14250.8,14250.8,14250.8,-73.7194,-6.91335,0.642393,0.555234,0.642393,0
14.208,14250.4,14250.2,14250.7,14250.7,14250.7,-73.7367,-6.93759,0.642861,0.555635,0.642861,0
14.256,14250.4,14250.4,14250.4,14250.4,14250.4,-73.7453,-6.95144,0.643118,0.555857,0.643118,0
14.304,14250.4,14250.6,14250.1,14250.1,14250.1,-73.7395,-6.93586,0.642856,0.555634,0.642856,0
14.352,14250.3,14250.4,14250,14250,14250,-73.7247,-6.91169,0.642407,0.555252,0.642407,0
14.4,14250.3,14249.8,14250.1,14250.1,14250.1,-73.7111,-6.91213,0.642312,0.555172,0.642312,0
14.448,14250.3,14249.4,14250.1,14250.1,14250.1,-73.7017,-6.9387,0.642614,0.55543,0.642614,0
14.496,14250.2,14249.7,14249.9,14249.9,14249.9,-73.6912,-6.95882,0.642819,0.555603,0.642819,0
14.544,14250.1,14250.2,14249.8,14249.8,14249.8,-73.6765,-6.94834,0.642564,0.555381,0.642564,0
14.592,14250,14250.3,14249.8,14249.8,14249.8,-73.6637,-6.92294,0.642114,0.554994,0.642114,0
14.64,14249.9,14249.9,14250,14250,14250,-73.6627,-6.9171,0.642026,0.554917,0.642026,0
14.688,14249.8,14249.6,14250.2,14250.2,14250.2,-73.6754,-6.93844,0.642418,0.555254,0.642418,0
14.736,14249.7,14249.9,14250.1,14250.1,14250.1,-73.6928,-6.9577,0.642816,0.555598,0.642816,0
14.784,14249.7,14250.4,14249.9,14249.9,14249.9,-73.7056,-6.94757,0.642768,0.55556,0.642768,0
14.832,14249.7,14250.4,14249.8,14249.8,14249.8,-73.7137,-6.91904,0.642428,0.555271,0.642428,0
14.88,14249.6,14249.8,14249.9,14249.9,14249.9,-73.723,-6.90741,0.642334,0.555191,0.642334,0
14.928,14249.6,14249.3,14249.9,14249.9,14249.9,-73.7346,-6.92614,0.642683,0.555489,0.642683,0
14.976,14249.6,14249.3,14249.7,14249.7,14249.7,-73.7407,-6.94948,0.643055,0.555805,0.643055,0
15.024,14249.6,14249.7,14249.3,14249.3,14249.3,-73.7334,-6.94661,0.642962,0.555723,0.642962,0
15.072,14249.6,14249.7,14249.2,14249.2,14249.2,-73.7152,-6.92232,0.642488,0.555315,0.642488,0
15.12,14249.6,14249.2,14249.2,14249.2,14249.2,-73.697,-6.9105,0.642187,0.555057,0.642187,0
15.168,14249.5,14248.8,14249.3,14249.3,14249.3,-73.6861,-6.92907,0.642365,0.555211,0.642365,0
15.216,14249.4,14248.9,14249.3,14249.3,14249.3,-73.6799,-6.95592,0.642695,0.555495,0.642695,0
15.264,14249.4,14249.4,14249.2,14249.2,14249.2,-73.6724,-6.95763,0.642662,0.555469,0.642662,0
15.312,14249.3,14249.7,14249.1,14249.1,14249.1,-73.6647,-6.93316,0.642262,0.555127,0.642262,0
15.36,14249.2,14249.5,14249.3,14249.3,14249.3,-73.6653,-6.91502,0.642013,0.554913,0.642013,0
15.408,14249.1,14249,14249.5,14249.5,14249.5,-73.679,-6.92633,0.642274,0.555135,0.642274,0
15.456,14249,14249,14249.5,14249.5,14249.5,-73.6996,-6.95052,0.642766,0.555554,0.642766,0
15.504,14249,14249.5,14249.3,14249.3,14249.3,-73.7155,-6.95346,0.642926,0.55569,0.642926,0
15.552,14249,14249.7,14249.1,14249.1,14249.1,-73.7224,-6.92896,0.642634,0.55544,0.642634,0
15.6,14249,14249.3,14249,14249,14249,-73.7253,-6.90733,0.642352,0.555201,0.642352,0
15.648,14249,14248.6,14249.1,14249.1,14249.1,-73.7296,-6.91582,0.642502,0.555332,0.642502,0
15.696,14249,14248.4,14249,14249,14249,-73.732,-6.94289,0.642898,0.555673,0.642898,0
15.744,14249,14248.7,14248.7,14248.7,14248.7,-73.7244,-6.95353,0.64299,0.555753,0.64299,0
15.792,14248.9,14249,14248.5,14248.5,14248.5,-73.7056,-6.93528,0.642595,0.555414,0.642595,0
15.84,14248.9,14248.8,14248.5,14248.5,14248.5,-73.685,-6.91438,0.642151,0.55503,0.642151,0
15.888,14248.8,14248.3,14248.7,14248.7,14248.7,-73.673,-6.92074,0.642152,0.555028,0.642152,0
15.936,14248.8,14248.2,14248.8,14248.8,14248.8,-73.6706,-6.94806,0.642517,0.555338,0.642517,0
15.984,14248.7,14248.6,14248.7,14248.7,14248.7,-73.6707,-6.96174,0.642709,0.555503,0.642709,0
16.032,14248.6,14249.1,14248.6,14248.6,14248.6,-73.6694,-6.94425,0.642455,0.555286,0.642455,0
16.08,14248.5,14249.1,14248.6,14248.6,14248.6,-73.672,-6.91817,0.642108,0.554991,0.642108,0
16.128,14248.5,14248.6,14248.8,14248.8,14248.8,-73.6848,-6.9165,0.642179,0.555055,0.642179,0
16.176,14248.4,14248.3,14248.9,14248.9,14248.9,-73.7055,-6.93942,0.642652,0.555462,0.642652,0
16.224,14248.4,14248.6,14248.7,14248.7,14248.7,-73.7228,-6.95442,0.642991,0.555753,0.642991,0
16.272,14248.4,14248.9,14248.4,14248.4,14248.4,-73.7288,-6.93964,0.642829,0.555613,0.642829,0
16.32,14248.4,14248.8,14248.3,14248.3,14248.3,-73.7261,-6.91309,0.642438,0.555276,0.642438,0
16.368,14248.4,14248.2,14248.3,14248.3,14248.3,-73.7226,-6.90918,0.642358,0.555205,0.642358,0
16.416,14248.4,14247.7,14248.3,14248.3,14248.3,-73.7203,-6.93344,0.642681,0.55548,0.642681,0
16.464,14248.4,14247.9,14248.2,14248.2,14248.2,-73.7129,-6.95517,0.642931,0.555694,0.642931,0
16.512,14248.4,14248.3,14247.9,14247.9,14247.9,-73.6962,-6.94767,0.642701,0.555499,0.642701,0
16.56,14248.3,14248.4,14247.9,14247.9,14247.9,-73.676,-6.92311,0.642206,0.555077,0.642206,0
16.608,14248.2,14248,14248.1,14248.1,14248.1,-73.6637,-6.91602,0.642015,0.554915,0.642015,0
16.656,14248.2,14247.7,14248.3,14248.3,14248.3,-73.664,-6.93736,0.642316,0.555173,0.642316,0
16.704,14248.1,14247.9,14248.2,14248.2,14248.2,-73.671,-6.95977,0.642682,0.555485,0.642682,0
16.752,14248,14248.5,14248.1,14248.1,14248.1,-73.6767,-6.95349,0.642637,0.555445,0.642637,0
16.8,14248,14248.7,14248.1,14248.1,14248.1,-73.6816,-6.92569,0.642285,0.555141,0.642285,0
16.848,14247.9,14248.3,14248.2,14248.2,14248.2,-73.6922,-6.91121,0.642162,0.555034,0.642162,0
16.896,14247.9,14247.8,14248.3,14248.3,14248.3,-73.71,-6.92697,0.642514,0.555337,0.642514,0
16.944,14247.9,14247.8,14248.2,14248.2,14248.2,-73.7266,-6.95006,0.64296,0.555721,0.64296,0
16.992,14247.9,14248.2,14247.9,14247.9,14247.9,-73.7318,-6.94838,0.642974,0.555736,0.642974,0
17.04,14247.9,14248.3,14247.7,14247.7,14247.7,-73.725,-6.92328,0.642571,0.555393,0.642571,0
17.088,14247.9,14247.8,14247.7,14247.7,14247.7,-73.7145,-6.90794,0.642278,0.555143,0.642278,0
17.136,14247.9,14247.2,14247.8,14247.8,14247.8,-73.707,-6.92361,0.642442,0.555282,0.642442,0
17.184,14247.9,14247.2,14247.7,14247.7,14247.7,-73.6999,-6.95137,0.64278,0.555568,0.64278,0
17.232,14247.8,14247.7,14247.5,14247.5,14247.5,-73.6872,-6.95676,0.642762,0.55555,0.642762,0
17.28,14247.8,14248,14247.4,14247.4,14247.4,-73.6703,-6.93483,0.64233,0.555178,0.64233,0
17.328,14247.7,14247.8,14247.6,14247.6,14247.6,-73.6589,-6.91625,0.641986,0.554883,0.641986,0
17.376,14247.6,14247.4,14247.8,14247.8,14247.8,-73.6609,-6.92655,0.642144,0.55502,0.642144,0
17.424,14247.6,14247.4,14247.9,14247.9,14247.9,-73.6729,-6.95223,0.642592,0.555406,0.642592,0
17.472,14247.5,14247.9,14247.7,14247.7,14247.7,-73.685,-6.95858,0.642769,0.555561,0.642769,0
17.52,14247.5,14248.2,14247.6,14247.6,14247.6,-73.6926,-6.93563,0.642504,0.555335,0.642504,0
17.568,14247.5,14248,14247.7,14247.7,14247.7,-73.7004,-6.91158,0.642225,0.555096,0.642225,0
17.616,14247.4,14247.4,14247.8,14247.8,14247.8,-73.7131,-6.91605,0.642382,0.55523,0.642382,0
17.664,14247.5,14247.2,14247.7,14247.7,14247.7,-73.7266,-6.94136,0.642838,0.555618,0.642838,0
17.712,14247.5,14247.4,14247.4,14247.4,14247.4,-73.7309,-6.95304,0.643034,0.555783,0.643034,0
17.76,14247.5,14247.7,14247.2,14247.2,14247.2,-73.7217,-6.93548,0.64272,0.555514,0.64272,0
17.808,14247.5,14247.5,14247.1,14247.1,14247.1,-73.706,-6.91257,0.642283,0.55514,0.642283,0
17.856,14247.5,14246.9,14247.3,14247.3,14247.3,-73.6937,-6.91604,0.642239,0.555104,0.642239,0
17.904,14247.4,14246.7,14247.3,14247.3,14247.3,-73.6867,-6.94333,0.642568,0.555388,0.642568,0
17.952,14247.4,14247.1,14247.2,14247.2,14247.2,-73.679,-6.96057,0.642752,0.555547,0.642752,0
18,14247.3,14247.6,14247.1,14247.1,14247.1,-73.6676,-6.94688,0.642476,0.55531,0.642476,0
18.048,14247.3,14247.6,14247.1,14247.1,14247.1,-73.6588,-6.92153,0.642056,0.554949,0.642056,0
18.096,14247.2,14247.2,14247.4,14247.4,14247.4,-73.6616,-6.91832,0.642033,0.554927,0.642033,0
18.144,14247.1,14246.9,14247.5,14247.5,14247.5,-73.6763,-6.94093,0.642459,0.55529,0.642459,0
18.192,14247.1,14247.3,14247.4,14247.4,14247.4,-73.6931,-6.95817,0.642826,0.555603,0.642826,0
18.24,14247.1,14247.7,14247.2,14247.2,14247.2,-73.7035,-6.9454,0.642724,0.555517,0.642724,0
18.288,14247.1,14247.7,14247.2,14247.2,14247.2,-73.7085,-6.91738,0.642368,0.555214,0.642368,0
18.336,14247.1,14247.1,14247.2,14247.2,14247.2,-73.7148,-6.90921,0.642299,0.555158,0.642299,0
18.384,14247.1,14246.7,14247.2,14247.2,14247.2,-73.7232,-6.93038,0.642657,0.555467,0.642657,0
18.432,14247.1,14246.8,14247.1,14247.1,14247.1,-73.7259,-6.95251,0.642987,0.55575,0.642987,0
18.48,14247.1,14247.2,14246.8,14246.8,14246.8,-73.7162,-6.94685,0.642836,0.555619,0.642836,0
18.528,14247.1,14247.2,14246.7,14246.7,14246.7,-73.6979,-6.92213,0.642355,0.555205,0.642355,0
18.576,14247.1,14246.8,14246.8,14246.8,14246.8,-73.6819,-6.91281,0.642107,0.554989,0.642107,0
18.624,14247,14246.4,14246.9,14246.9,14246.9,-73.6746,-6.93325,0.64234,0.555187,0.64234,0
18.672,14247,14246.5,14246.9,14246.9,14246.9,-73.6719,-6.95841,0.642672,0.555471,0.642672,0
18.72,14246.9,14247.1,14246.8,14246.8,14246.8,-73.6675,-6.95649,0.642611,0.55542,0.642611,0
18.768,14246.9,14247.4,14246.8,14246.8,14246.8,-73.6628,-6.93063,0.642214,0.555082,0.642214,0
18.816,14246.8,14247.1,14247,14247,14247,-73.666,-6.91466,0.642013,0.554913,0.642013,0
18.864,14246.8,14246.7,14247.1,14247.1,14247.1,-73.6808,-6.92853,0.642317,0.555175,0.642317,0
18.912,14246.7,14246.7,14247.1,14247.1,14247.1,-73.7,-6.95221,0.642791,0.55558,0.642791,0
18.96,14246.7,14247.2,14246.9,14246.9,14246.9,-73.7125,-6.95246,0.642888,0.555662,0.642888,0
19.008,14246.7,14247.4,14246.7,14246.7,14246.7,-73.7155,-6.92704,0.642555,0.555375,0.642555,0
19.056,14246.7,14246.9,14246.7,14246.7,14246.7,-73.7152,-6.90804,0.642288,0.555144,0.642288,0
19.104,14246.8,14246.3,14246.8,14246.8,14246.8,-73.7171,-6.91982,0.642467,0.555297,0.642467,0
19.152,14246.8,14246.2,14246.7,14246.7,14246.7,-73.7174,-6.94701,0.642849,0.555625,0.642849,0
19.2,14246.8,14246.6,14246.5,14246.5,14246.5,-73.7085,-6.95476,0.642891,0.555663,0.642891,0
19.248,14246.8,14246.9,14246.3,14246.3,14246.3,-73.6904,-6.93451,0.642472,0.555306,0.642472,0
19.296,14246.7,14246.7,14246.4,14246.4,14246.4,-73.6728,-6.91495,0.642067,0.55496,0.642067,0
19.344,14246.7,14246.2,14246.6,14246.6,14246.6,-73.665,-6.92382,0.642134,0.555017,0.642134,0
19.392,14246.6,14246.1,14246.7,14246.7,14246.7,-73.6665,-6.95096,0.642525,0.55535,0.642525,0
19.44,14246.6,14246.6,14246.6,14246.6,14246.6,-73.6692,-6.96139,0.642693,0.555491,0.642693,0
19.488,14246.5,14247.1,14246.5,14246.5,14246.5,-73.6698,-6.94134,0.642417,0.555253,0.642417,0
19.536,14246.5,14247,14246.6,14246.6,14246.6,-73.6735,-6.9164,0.642096,0.554977,0.642096,0
19.584,14246.4,14246.5,14246.8,14246.8,14246.8,-73.6864,-6.91792,0.642212,0.555078,0.642212,0
19.632,14246.4,14246.3,14246.8,14246.8,14246.8,-73.705,-6.942,0.642687,0.555487,0.642687,0
19.68,14246.4,14246.6,14246.6,14246.6,14246.6,-73.7186,-6.95494,0.642967,0.555731,0.642967,0
19.728,14246.4,14246.9,14246.4,14246.4,14246.4,-73.7202,-6.93812,0.642743,0.555541,0.642743,0
19.776,14246.5,14246.7,14246.3,14246.3,14246.3,-73.7144,-6.9128,0.642346,0.555201,0.642346,0
19.824,14246.5,14246.1,14246.4,14246.4,14246.4,-73.7094,-6.9123,0.642302,0.555161,0.642302,0
19.872,14246.5,14245.8,14246.4,14246.4,14246.4,-73.7064,-6.93803,0.642641,0.555449,0.642641,0
19.92,14246.5,14246.1,14246.3,14246.3,14246.3,-73.6991,-6.9575,0.642861,0.555634,0.642861,0
19.968,14246.5,14246.5,14246.1,14246.1,14246.1,-73.6838,-6.9469,0.642599,0.555409,0.642599,0
20.016,14246.4,14246.6,14246.1,14246.1,14246.1,-73.6668,-6.92215,0.642127,0.555004,0.642127,0
20.064,14246.4,14246.1,14246.3,14246.3,14246.3,-73.659,-6.91753,0.642003,0.554899,0.642003,0
20.112,14246.3,14245.9,14246.5,14246.5,14246.5,-73.6632,-6.94016,0.64235,0.555199,0.64235,0
20.16,14246.3,14246.2,14246.4,14246.4,14246.4,-73.6723,-6.96042,0.6427,0.555502,0.6427,0
20.208,14246.2,14246.8,14246.3,14246.3,14246.3,-73.6785,-6.95098,0.642614,0.555429,0.642614,0
20.256,14246.2,14246.9,14246.3,14246.3,14246.3,-73.6831,-6.92297,0.642256,0.555122,0.642256,0
20.304,14246.2,14246.4,14246.4,14246.4,14246.4,-73.6926,-6.91155,0.642168,0.555044,0.642168,0
20.352,14246.2,14246,14246.5,14246.5,14246.5,-73.7081,-6.92988,0.64254,0.555361,0.64254,0
20.4,14246.2,14246.1,14246.4,14246.4,14246.4,-73.7209,-6.95213,0.642947,0.555708,0.642947,0
20.448,14246.2,14246.5,14246.1,14246.1,14246.1,-73.722,-6.94785,0.642895,0.555664,0.642895,0
20.496,14246.2,14246.5,14246,14246,14246,-73.7123,-6.92236,0.642466,0.555297,0.642466,0
20.544,14246.2,14246,14246,14246,14246,-73.7011,-6.90977,0.642206,0.555077,0.642206,0
20.592,14246.2,14245.5,14246.1,14246.1,14246.1,-73.6944,-6.92793,0.642409,0.555253,0.642409,0
20.64,14246.2,14245.6,14246.1,14246.1,14246.1,-73.6887,-6.9546,0.642741,0.555538,0.642741,0
20.688,14246.2,14246.1,14245.9,14245.9,14245.9,-73.6781,-6.95651,0.642688,0.555492,0.642688,0
20.736,14246.1,14246.4,14245.9,14245.9,14245.9,-73.6643,-6.93284,0.642255,0.555119,0.642255,0
20.784,14246.1,14246.2,14246,14246,14246,-73.657,-6.91601,0.641967,0.554869,0.641967,0
20.832,14246,14245.8,14246.3,14246.3,14246.3,-73.6625,-6.92868,0.642186,0.555055,0.642186,0
20.88,14246,14245.8,14246.3,14246.3,14246.3,-73.6761,-6.95378,0.642638,0.555442,0.642638,0
20.928,14246,14246.3,14246.2,14246.2,14246.2,-73.6876,-6.9571,0.64277,0.555556,0.64277,0
20.976,14246,14246.7,14246,14246,14246,-73.6935,-6.93264,0.64247,0.555302,0.64247,0
21.024,14245.9,14246.4,14246.1,14246.1,14246.1,-73.6991,-6.9108,0.642205,0.555078,0.642205,0
21.072,14245.9,14245.8,14246.2,14246.2,14246.2,-73.7093,-6.91868,0.64239,0.555239,0.64239,0
21.12,14246,14245.6,14246.1,14246.1,14246.1,-73.7195,-6.94463,0.642829,0.555615,0.642829,0
21.168,14246,14246,14245.9,14245.9,14245.9,-73.7202,-6.95387,0.642964,0.555729,0.642964,0
21.216,14246,14246.2,14245.7,14245.7,14245.7,-73.7088,-6.93445,0.642609,0.555421,0.642609,0
21.264,14246,14246,14245.7,14245.7,14245.7,-73.6931,-6.913,0.642193,0.555063,0.642193,0
21.312,14246,14245.5,14245.8,14245.8,14245.8,-73.6828,-6.91937,0.642206,0.555072,0.642206,0
21.36,14246,14245.3,14245.9,14245.9,14245.9,-73.6784,-6.94699,0.64256,0.555376,0.64256,0
21.408,14245.9,14245.7,14245.8,14245.8,14245.8,-73.6733,-6.96117,0.64272,0.555514,0.64272,0
21.456,14245.9,14246.2,14245.7,14245.7,14245.7,-73.6647,-6.94455,0.642422,0.555262,0.642422,0
21.504,14245.8,14246.2,14245.8,14245.8,14245.8,-73.6591,-6.91972,0.642033,0.55493,0.642033,0
21.552,14245.8,14245.8,14246,14246,14246,-73.6647,-6.91932,0.642068,0.554961,0.642068,0
21.6,14245.8,14245.6,14246.1,14246.1,14246.1,-73.6803,-6.943,0.642516,0.555344,0.642516,0
21.648,14245.7,14245.9,14246,14246,14246,-73.6956,-6.95807,0.642842,0.555621,0.642842,0
21.696,14245.7,14246.4,14245.8,14245.8,14245.8,-73.7032,-6.94288,0.642686,0.555485,0.642686,0
21.744,14245.8,14246.3,14245.8,14245.8,14245.8,-73.7053,-6.91573,0.642322,0.555172,0.642322,0
21.792,14245.8,14245.7,14245.9,14245.9,14245.9,-73.709,-6.91105,0.642284,0.55514,0.642284,0
21.84,14245.8,14245.3,14245.9,14245.9,14245.9,-73.7149,-6.93426,0.642652,0.555457,0.642652,0
21.888,14245.8,14245.5,14245.7,14245.7,14245.7,-73.715,-6.95475,0.642939,0.555705,0.642939,0
21.936,14245.8,14245.9,14245.5,14245.5,14245.5,-73.7038,-6.94627,0.642736,0.555534,0.642736,0
21.984,14245.8,14245.9,14245.4,14245.4,14245.4,-73.6862,-6.92138,0.642257,0.555123,0.642257,0
22.032,14245.8,14245.5,14245.6,14245.6,14245.6,-73.6731,-6.91465,0.642065,0.554958,0.642065,0
22.08,14245.8,14245.1,14245.7,14245.7,14245.7,-73.6692,-6.93671,0.642347,0.555197,0.642347,0
22.128,14245.7,14245.4,14245.7,14245.7,14245.7,-73.6695,-6.9599,0.642674,0.555474,0.642674,0
22.176,14245.7,14246,14245.6,14245.6,14245.6,-73.6673,-6.95449,0.642583,0.555395,0.642583,0
22.224,14245.6,14246.2,14245.6,14245.6,14245.6,-73.6648,-6.92774,0.64219,0.555057,0.64219,0
22.272,14245.6,14245.8,14245.8,14245.8,14245.8,-73.6697,-6.91428,0.642037,0.554928,0.642037,0
22.32,14245.6,14245.4,14245.9,14245.9,14245.9,-73.6847,-6.9306,0.642376,0.555221,0.642376,0
22.368,14245.6,14245.5,14245.9,14245.9,14245.9,-73.7018,-6.9535,0.642823,0.555607,0.642823,0
22.416,14245.6,14246,14245.7,14245.7,14245.7,-73.7108,-6.95105,0.642854,0.555636,0.642854,0
22.464,14245.6,14246.1,14245.5,14245.5,14245.5,-73.7103,-6.92501,0.642486,0.55532,0.642486,0
22.512,14245.6,14245.7,14245.6,14245.6,14245.6,-73.7076,-6.90879,0.64224,0.555108,0.64224,0
22.56,14245.6,14245.1,14245.7,14245.6,14245.7,-73.7078,-6.92357,0.64245,0.555284,0.64245,0
22.608,14245.6,14245.1,14245.6,14245.6,14245.6,-73.7069,-6.9504,0.642819,0.555598,0.642819,0
22.656,14245.6,14245.5,14245.4,14245.4,14245.4,-73.6975,-6.95507,0.642815,0.555594,0.642815,0
22.704,14245.6,14245.8,14245.3,14245.3,14245.3,-73.6806,-6.93304,0.642381,0.555223,0.642381,0
22.752,14245.6,14245.6,14245.4,14245.4,14245.4,-73.6662,-6.91509,0.642022,0.554917,0.642022,0
22.8,14245.6,14245.1,14245.6,14245.6,14245.6,-73.6624,-6.92642,0.642151,0.55503,0.642151,0
22.848,14245.5,14245.1,14245.7,14245.7,14245.7,-73.6669,-6.9531,0.642558,0.55538,0.642558,0
22.896,14245.5,14245.7,14245.6,14245.6,14245.6,-73.6714,-6.96028,0.642692,0.555495,0.642692,0
22.944,14245.5,14246.1,14245.5,14245.5,14245.5,-73.6729,-6.93807,0.642392,0.555237,0.642392,0
22.992,14245.4,14245.9,14245.6,14245.6,14245.6,-73.6769,-6.9147,0.642096,0.554981,0.642096,0
23.04,14245.4,14245.4,14245.7,14245.7,14245.7,-73.6892,-6.91946,0.642255,0.555115,0.642255,0
23.088,14245.4,14245.2,14245.7,14245.7,14245.7,-73.7056,-6.94437,0.642725,0.555517,0.642725,0
23.136,14245.4,14245.6,14245.5,14245.5,14245.5,-73.7154,-6.95505,0.642947,0.555708,0.642947,0
23.184,14245.5,14245.9,14245.3,14245.3,14245.3,-73.7134,-6.93632,0.642669,0.555472,0.642669,0
23.232,14245.5,14245.7,14245.3,14245.3,14245.3,-73.7053,-6.91246,0.642275,0.555137,0.642275,0
23.28,14245.5,14245.1,14245.4,14245.4,14245.4,-73.6996,-6.91526,0.642271,0.555135,0.642271,0
23.328,14245.5,14244.8,14245.4,14245.4,14245.4,-73.6968,-6.942,0.642624,0.555438,0.642624,0
23.376,14245.5,14245.2,14245.3,14245.3,14245.3,-73.6901,-6.95888,0.642811,0.555597,0.642811,0
23.424,14245.5,14245.6,14245.1,14245.1,14245.1,-73.6764,-6.94532,0.642521,0.555346,0.642521,0
23.472,14245.4,14245.6,14245.2,14245.2,14245.2,-73.6626,-6.92077,0.642076,0.554961,0.642076,0
23.52,14245.4,14245.2,14245.4,14245.4,14245.4,-73.6587,-6.91876,0.642019,0.554911,0.642019,0
23.568,14245.4,14245,14245.6,14245.6,14245.6,-73.6659,-6.94249,0.642405,0.555241,0.642405,0
23.616,14245.3,14245.3,14245.5,14245.5,14245.5,-73.6761,-6.96046,0.642732,0.555523,0.642732,0
23.664,14245.3,14245.9,14245.4,14245.4,14245.4,-73.6821,-6.9481,0.642601,0.555415,0.642601,0
23.712,14245.3,14245.9,14245.4,14245.4,14245.4,-73.6857,-6.92033,0.642239,0.555107,0.642239,0
23.76,14245.3,14245.4,14245.5,14245.5,14245.5,-73.6939,-6.91214,0.642184,0.555062,0.642184,0
23.808,14245.3,14245,14245.6,14245.6,14245.6,-73.707,-6.93277,0.64257,0.555392,0.64257,0
23.856,14245.3,14245.2,14245.4,14245.4,14245.4,-73.7163,-6.9538,0.642935,0.555702,0.642935,0
23.904,14245.3,14245.6,14245.2,14245.2,14245.2,-73.714,-6.94687,0.642822,0.555603,0.642822,0
23.952,14245.4,14245.6,14245.1,14245.1,14245.1,-73.7024,-6.92122,0.642377,0.55522,0.642377,0
24,14245.4,14245.1,14245.2,14245.2,14245.2,-73.6914,-6.91145,0.642159,0.555032,0.642159,0
24.048,14245.4,14244.7,14245.3,14245.3,14245.3,-73.6861,-6.93176,0.642404,0.555242,0.642404,0
24.096,14245.3,14244.8,14245.2,14245.2,14245.2,-73.6821,-6.95697,0.642726,0.555521,0.642726,0
24.144,14245.3,14245.4,14245.1,14245.1,14245.1,-73.6734,-6.9554,0.642639,0.555448,0.642639,0
24.192,14245.3,14245.6,14245.1,14245.1,14245.1,-73.6624,-6.9304,0.642207,0.55508,0.642207,0
24.24,14245.2,14245.3,14245.3,14245.3,14245.3,-73.6585,-6.91565,0.641972,0.554878,0.641972,0
24.288,14245.2,14245,14245.5,14245.5,14245.5,-73.6667,-6.93064,0.642242,0.555108,0.642242,0
24.336,14245.2,14245.1,14245.5,14245.5,14245.5,-73.6808,-6.95492,0.642688,0.555488,0.642688,0
24.384,14245.2,14245.6,14245.3,14245.3,14245.3,-73.691,-6.95526,0.642769,0.555555,0.642769,0
24.432,14245.2,14245.8,14245.2,14245.2,14245.2,-73.6948,-6.92965,0.642439,0.555272,0.642439,0
24.48,14245.2,14245.5,14245.3,14245.3,14245.3,-73.6984,-6.91031,0.642195,0.555064,0.642195,0
24.528,14245.2,14244.9,14245.4,14245.4,14245.4,-73.7063,-6.92144,0.642409,0.555249,0.642409,0
24.576,14245.2,14244.8,14245.3,14245.3,14245.3,-73.7137,-6.94758,0.642828,0.555612,0.642828,0
24.624,14245.2,14245.2,14245.1,14245.1,14245.1,-73.7117,-6.95413,0.642904,0.555678,0.642904,0
24.672,14245.3,14245.5,14244.9,14244.9,14244.9,-73.6989,-6.93302,0.642514,0.555344,0.642514,0
24.72,14245.3,14245.2,14245,14245,14245,-73.6841,-6.91323,0.642127,0.555011,0.642127,0
24.768,14245.2,14244.7,14245.1,14245.1,14245.1,-73.6761,-6.92237,0.642197,0.555068,0.642197,0
24.816,14245.2,14244.6,14245.2,14245.2,14245.2,-73.6743,-6.94995,0.642571,0.555385,0.642571,0
24.864,14245.2,14245.1,14245.1,14245.1,14245.1,-73.6714,-6.96094,0.642704,0.555498,0.642704,0
24.912,14245.2,14245.6,14245,14245,14245,-73.6651,-6.94171,0.642387,0.555227,0.642387,0
24.96,14245.1,14245.5,14245.1,14245.1,14245.1,-73.662,-6.91786,0.64203,0.554923,0.64203,0
25.008,14245.1,14245,14245.3,14245.3,14245.3,-73.6695,-6.92038,0.64212,0.555002,0.64212,0
25.056,14245.1,14244.9,14245.4,14245.4,14245.4,-73.6851,-6.94491,0.642578,0.555397,0.642578,0
25.104,14245.1,14245.2,14245.3,14245.3,14245.3,-73.6984,-6.95766,0.642855,0.555636,0.642855,0
25.152,14245.1,14245.7,14245.1,14245.1,14245.1,-73.703,-6.94025,0.642645,0.555456,0.642645,0
25.2,14245.1,14245.5,14245.1,14245.1,14245.1,-73.7024,-6.91429,0.642279,0.55514,0.642279,0
25.248,14245.1,14244.9,14245.2,14245.2,14245.2,-73.7042,-6.91308,0.642276,0.555135,0.642276,0
25.296,14245.1,14244.6,14245.2,14245.2,14245.2,-73.7082,-6.93791,0.642654,0.555457,0.642654,0
25.344,14245.1,14244.8,14245,14245,14245,-73.7066,-6.95638,0.6429,0.555668,0.6429,0
25.392,14245.2,14245.3,14244.8,14244.8,14244.8,-73.6947,-6.9451,0.642654,0.555457,0.642654,0
25.44,14245.1,14245.3,14244.8,14244.8,14244.8,-73.6784,-6.92032,0.642185,0.555058,0.642185,0
25.488,14245.1,14244.8,14245,14245,14245,-73.6682,-6.91627,0.642052,0.554946,0.642052,0
25.536,14245.1,14244.5,14245.1,14245.1,14245.1,-73.6676,-6.93968,0.642375,0.555224,0.642375,0
25.584,14245.1,14244.9,14245.1,14245.1,14245.1,-73.6702,-6.96068,0.642688,0.555492,0.642688,0
25.632,14245,14245.4,14245,14245,14245,-73.6696,-6.95198,0.642563,0.555383,0.642563,0
25.68,14245,14245.6,14245,14245,14245,-73.6684,-6.9248,0.642174,0.555047,0.642174,0
25.728,14245,14245.2,14245.2,14245.2,14245.2,-73.6742,-6.91414,0.642069,0.554955,0.642069,0
25.776,14245,14244.8,14245.3,14245.3,14245.3,-73.6888,-6.93274,0.642438,0.555271,0.642438,0
25.824,14245,14244.9,14245.2,14245.2,14245.2,-73.7035,-6.95458,0.642852,0.555627,0.642852,0
25.872,14245,14245.4,14245,14245,14245,-73.7091,-6.94943,0.642821,0.555602,0.642821,0
25.92,14245,14245.5,14244.9,14244.9,14244.9,-73.7056,-6.92304,0.642424,0.555266,0.642424,0
25.968,14245,14245,14245,14245,14245,-73.7012,-6.90972,0.642205,0.555079,0.642205,0
26.016,14245,14244.5,14245.1,14245.1,14245.1,-73.7006,-6.9272,0.642445,0.555285,0.642445,0
26.064,14245.1,14244.5,14245,14245,14245,-73.699,-6.95319,0.642798,0.555585,0.642798,0
26.112,14245.1,14245,14244.8,14244.8,14244.8,-73.6898,-6.95466,0.642751,0.555542,0.642751,0
26.16,14245.1,14245.3,14244.7,14244.7,14244.7,-73.6745,-6.93114,0.642309,0.555161,0.642309,0
26.208,14245,14245,14244.9,14244.9,14244.9,-73.6632,-6.91509,0.642001,0.554896,0.642001,0
26.256,14245,14244.6,14245.1,14245.1,14245.1,-73.6629,-6.92878,0.64219,0.555058,0.64219,0
26.304,14245,14244.6,14245.1,14245.1,14245.1,-73.6698,-6.95474,0.642604,0.555415,0.642604,0
26.352,14244.9,14245.2,14245,14245,14245,-73.6752,-6.95867,0.642698,0.555498,0.642698,0
26.4,14244.9,14245.5,14244.9,14244.9,14244.9,-73.6767,-6.93472,0.642373,0.555222,0.642373,0
26.448,14244.9,14245.3,14245,14245,14245,-73.6806,-6.91331,0.642102,0.554991,0.642102,0
26.496,14244.9,14244.8,14245.2,14245.2,14245.2,-73.692,-6.92125,0.642298,0.555158,0.642298,0
26.544,14244.9,14244.7,14245.2,14245.2,14245.2,-73.7059,-6.94664,0.642758,0.555549,0.642758,0
26.592,14244.9,14245,14245,14245,14245,-73.7122,-6.95485,0.642921,0.555687,0.642921,0
26.64,14245,14245.3,14244.8,14244.8,14244.8,-73.7073,-6.93439,0.642598,0.555409,0.642598,0
26.688,14245,14245.1,14244.8,14244.8,14244.8,-73.6979,-6.91221,0.642218,0.555083,0.642218,0
26.736,14245,14244.5,14244.9,14244.9,14244.9,-73.6922,-6.91816,0.642258,0.555119,0.642258,0
26.784,14245,14244.3,14244.9,14244.9,14244.9,-73.69,-6.94547,0.642624,0.555434,0.642624,0
26.832,14245,14244.7,14244.8,14244.8,14244.8,-73.6843,-6.95952,0.642777,0.555567,0.642777,0
26.88,14245,14245.2,14244.7,14244.7,14244.7,-73.6724,-6.9432,0.642459,0.555296,0.642459,0
26.928,14244.9,14245.1,14244.8,14244.8,14244.8,-73.6615,-6.91923,0.642044,0.554939,0.642044,0
26.976,14244.9,14244.7,14245,14245,14245,-73.6608,-6.91996,0.64205,0.554942,0.64205,0
27.024,14244.9,14244.5,14245.1,14245.1,14245.1,-73.6702,-6.94456,0.642465,0.555295,0.642465,0
27.072,14244.8,14244.9,14245,14245,14245,-73.6808,-6.9601,0.642761,0.555548,0.642761,0
27.12,14244.8,14245.4,14244.9,14244.9,14244.9,-73.6857,-6.94507,0.642588,0.555399,0.642588,0
27.168,14244.8,14245.4,14244.9,14244.9,14244.9,-73.6881,-6.91796,0.642225,0.55509,0.642225,0
27.216,14244.8,14244.9,14245,14245,14245,-73.6948,-6.91311,0.642206,0.555076,0.642206,0
27.264,14244.8,14244.5,14245.1,14245.1,14245.1,-73.7057,-6.9357,0.642602,0.555418,0.642602,0
27.312,14244.9,14244.7,14244.9,14244.9,14244.9,-73.7121,-6.95514,0.642921,0.555693,0.642921,0
27.36,14244.9,14245.1,14244.7,14244.7,14244.7,-73.707,-6.94557,0.64275,0.555546,0.64275,0
27.408,14244.9,14245.1,14244.6,14244.6,14244.6,-73.6945,-6.92001,0.6423,0.555158,0.6423,0
27.456,14244.9,14244.6,14244.8,14244.8,14244.8,-73.6843,-6.91311,0.642128,0.555009,0.642128,0
27.504,14244.9,14244.3,14244.9,14244.9,14244.9,-73.6807,-6.93526,0.642413,0.55525,0.642413,0
27.552,14244.9,14244.5,14244.8,14244.8,14244.8,-73.6785,-6.95865,0.642724,0.555515,0.642724,0
27.6,14244.9,14245,14244.7,14244.7,14244.7,-73.6716,-6.95367,0.642603,0.555413,0.642603,0
27.648,14244.8,14245.2,14244.7,14244.7,14244.7,-73.663,-6.92776,0.642176,0.555049,0.642176,0
27.696,14244.8,14244.9,14244.9,14244.9,14244.9,-73.6619,-6.91539,0.641993,0.554895,0.641993,0
27.744,14244.8,14244.5,14245.1,14245.1,14245.1,-73.6718,-6.93258,0.642307,0.555165,0.642307,0
27.792,14244.8,14244.7,14245,14245,14245,-73.6857,-6.95582,0.642735,0.555533,0.642735,0
27.84,14244.8,14245.2,14244.9,14244.9,14244.9,-73.694,-6.95321,0.642761,0.555554,0.642761,0
27.888,14244.8,14245.4,14244.8,14244.8,14244.8,-73.6956,-6.92683,0.642404,0.555246,0.642404,0
27.936,14244.8,14245,14244.9,14244.9,14244.9,-73.6973,-6.9102,0.642185,0.555056,0.642185,0
27.984,14244.8,14244.4,14245,14245,14245,-73.7034,-6.92435,0.642429,0.555264,0.642429,0
28.032,14244.8,14244.4,14244.9,14244.9,14244.9,-73.7086,-6.95023,0.642829,0.555607,0.642829,0
28.08,14244.8,14244.9,14244.7,14244.7,14244.7,-73.7045,-6.95391,0.64285,0.555627,0.64285,0
28.128,14244.9,14245.1,14244.5,14244.5,14244.5,-73.6911,-6.93131,0.642433,0.555272,0.642433,0
28.176,14244.9,14244.8,14244.6,14244.6,14244.6,-73.6777,-6.91341,0.642083,0.554973,0.642083,0
28.224,14244.8,14244.3,14244.8,14244.8,14244.8,-73.6724,-6.92517,0.642207,0.55508,0.642207,0
28.272,14244.8,14244.3,14244.8,14244.8,14244.8,-73.6729,-6.95237,0.642593,0.555409,0.642593,0
28.32,14244.8,14244.8,14244.7,14244.7,14244.7,-73.6719,-6.96009,0.642693,0.555493,0.642693,0
28.368,14244.8,14245.3,14244.7,14244.7,14244.7,-73.6672,-6.93862,0.642359,0.555204,0.642359,0
28.416,14244.7,14245.1,14244.8,14244.8,14244.8,-73.6659,-6.91616,0.642036,0.554926,0.642036,0
28.464,14244.7,14244.6,14245,14245,14245,-73.6745,-6.92166,0.642177,0.555047,0.642177,0
28.512,14244.7,14244.5,14245,14245,14245,-73.6895,-6.94676,0.642639,0.555445,0.642639,0
28.56,14244.7,14244.9,14244.9,14244.9,14244.9,-73.7005,-6.95703,0.642863,0.55564,0.642863,0
28.608,14244.7,14245.3,14244.7,14244.7,14244.7,-73.7022,-6.93764,0.642603,0.555419,0.642603,0
28.656,14244.8,14245.1,14244.7,14244.7,14244.7,-73.6995,-6.91316,0.64224,0.55511,0.64224,0
28.704,14244.8,14244.5,14244.8,14244.8,14244.8,-73.6998,-6.91534,0.642273,0.555138,0.642273,0
28.752,14244.8,14244.2,14244.8,14244.8,14244.8,-73.7025,-6.94134,0.642658,0.555465,0.642658,0
28.8,14244.8,14244.6,14244.7,14244.7,14244.7,-73.6998,-6.95746,0.642865,0.555639,0.642865,0
28.848,14244.8,14245,14244.5,14244.5,14244.5,-73.6878,-6.94348,0.642581,0.555394,0.642581,0
28.896,14244.8,14244.9,14244.5,14244.5,14244.5,-73.6732,-6.91912,0.642132,0.555008,0.642132,0
28.944,14244.8,14244.5,14244.7,14244.7,14244.7,-73.666,-6.91782,0.64206,0.554947,0.64206,0
28.992,14244.7,14244.2,14244.8,14244.8,14244.8,-73.6683,-6.94233,0.642419,0.555257,0.642419,0
29.04,14244.7,14244.6,14244.8,14244.8,14244.8,-73.6726,-6.96093,0.64271,0.555509,0.64271,0
29.088,14244.7,14245.2,14244.7,14244.7,14244.7,-73.6729,-6.94915,0.642547,0.555371,0.642547,0
29.136,14244.7,14245.2,14244.7,14244.7,14244.7,-73.6724,-6.92202,0.642163,0.555043,0.642163,0
29.184,14244.7,14244.8,14244.9,14244.9,14244.9,-73.6786,-6.91435,0.642103,0.554989,0.642103,0
29.232,14244.7,14244.4,14245,14245,14245,-73.6922,-6.93502,0.642494,0.555322,0.642494,0
29.28,14244.7,14244.6,14244.9,14244.9,14244.9,-73.7045,-6.95547,0.642872,0.555644,0.642872,0
29.328,14244.7,14245.1,14244.7,14244.7,14244.7,-73.7069,-6.94766,0.642781,0.555565,0.642781,0
29.376,14244.7,14245.1,14244.6,14244.6,14244.6,-73.701,-6.92121,0.642367,0.555211,0.642367,0
29.424,14244.7,14244.6,14244.7,14244.7,14244.7,-73.6957,-6.91088,0.642182,0.555054,0.642182,0
29.472,14244.7,14244.2,14244.8,14244.8,14244.8,-73.6948,-6.93072,0.642452,0.555288,0.642452,0
29.52,14244.8,14244.3,14244.7,14244.7,14244.7,-73.6932,-6.95546,0.642786,0.555576,0.642786,0
29.568,14244.8,14244.8,14244.5,14244.5,14244.5,-73.6844,-6.95367,0.642695,0.555499,0.642695,0
29.616,14244.7,14245,14244.5,14244.5,14244.5,-73.6709,-6.92899,0.64225,0.555116,0.64225,0
29.664,14244.7,14244.7,14244.6,14244.6,14244.6,-73.6626,-6.91508,0.641995,0.554894,0.641995,0
29.712,14244.7,14244.3,14244.8,14244.8,14244.8,-73.6652,-6.93102,0.642238,0.555101,0.642238,0
29.76,14244.7,14244.4,14244.8,14244.8,14244.8,-73.6737,-6.956,0.642652,0.555453,0.642652,0
29.808,14244.6,14245,14244.7,14244.7,14244.7,-73.6793,-6.95674,0.642703,0.555498,0.642703,0
29.856,14244.6,14245.3,14244.6,14244.6,14244.6,-73.6804,-6.93144,0.642357,0.555203,0.642357,0
29.904,14244.6,14244.9,14244.7,14244.7,14244.7,-73.6838,-6.91232,0.642113,0.554997,0.642113,0
29.952,14244.6,14244.4,14244.9,14244.9,14244.9,-73.694,-6.92334,0.642342,0.555196,0.642342,0
30,14244.6,14244.4,14244.9,14244.9,14244.9,-73.7056,-6.94883,0.642784,0.555576,0.642784,0
30.048,14244.7,14244.8,14244.6,14244.6,14244.6,-73.7089,-6.95439,0.642887,0.555663,0.642887,0
30.096,14244.7,14245.1,14244.5,14244.5,14244.5,-73.7016,-6.93239,0.642526,0.555352,0.642526,0
30.144,14244.7,14244.8,14244.5,14244.5,14244.5,-73.6916,-6.9121,0.642169,0.555043,0.642169,0
30.192,14244.7,14244.2,14244.7,14244.7,14244.7,-73.6866,-6.92104,0.642258,0.555117,0.642258,0
30.24,14244.7,14244.1,14244.7,14244.7,14244.7,-73.6855,-6.94852,0.642634,0.555439,0.642634,0
30.288,14244.7,14244.6,14244.6,14244.6,14244.6,-73.6808,-6.95953,0.642753,0.555541,0.642753,0
30.336,14244.7,14245,14244.4,14244.5,14244.4,-73.6705,-6.94071,0.642412,0.555252,0.642412,0
30.384,14244.7,14244.9,14244.5,14244.6,14244.5,-73.6623,-6.91771,0.642029,0.554926,0.642029,0
30.432,14244.6,14244.4,14244.8,14244.8,14244.8,-73.6643,-6.92124,0.642092,0.554982,0.642092,0
30.48,14244.6,14244.3,14244.9,14244.9,14244.9,-73.6751,-6.94647,0.642526,0.555353,0.642526,0
30.528,14244.6,14244.7,14244.8,14244.8,14244.8,-73.6852,-6.95945,0.642783,0.555572,0.642783,0
30.576,14244.6,14245.2,14244.6,14244.6,14244.6,-73.6887,-6.94201,0.642566,0.555383,0.642566,0
30.624,14244.6,14245.1,14244.6,14244.6,14244.6,-73.6897,-6.91594,0.642209,0.555076,0.642209,0
30.672,14244.6,14244.5,14244.8,14244.8,14244.8,-73.6951,-6.91447,0.642229,0.555092,0.642229,0
30.72,14244.6,14244.2,14244.8,14244.8,14244.8,-73.704,-6.93866,0.642633,0.55544,0.642633,0
30.768,14244.6,14244.5,14244.6,14244.6,14244.6,-73.7079,-6.95617,0.642906,0.555675,0.642906,0
30.816,14244.7,14244.9,14244.4,14244.4,14244.4,-73.7009,-6.944,0.642683,0.555487,0.642683,0
30.864,14244.7,14244.9,14244.4,14244.4,14244.4,-73.688,-6.9188,0.642234,0.555104,0.642234,0
30.912,14244.7,14244.4,14244.6,14244.6,14244.6,-73.6792,-6.9148,0.642113,0.555,0.642113,0
30.96,14244.7,14244.1,14244.7,14244.7,14244.7,-73.6776,-6.93846,0.642433,0.555272,0.642433,0
31.008,14244.7,14244.4,14244.6,14244.6,14244.6,-73.677,-6.95974,0.642727,0.555521,0.642727,0
31.056,14244.6,14244.9,14244.5,14244.5,14244.5,-73.6716,-6.95149,0.642573,0.555387,0.642573,0
31.104,14244.6,14245,14244.5,14244.5,14244.5,-73.665,-6.92509,0.642155,0.555027,0.642155,0
31.152,14244.6,14244.6,14244.7,14244.7,14244.7,-73.6659,-6.91536,0.642025,0.554917,0.642025,0
31.2,14244.6,14244.3,14244.9,14244.9,14244.9,-73.6769,-6.93461,0.642375,0.555219,0.642375,0
31.248,14244.6,14244.5,14244.8,14244.8,14244.8,-73.69,-6.95653,0.642778,0.555567,0.642778,0
31.296,14244.6,14245,14244.6,14244.6,14244.6,-73.6962,-6.95105,0.642746,0.555542,0.642746,0
31.344,14244.6,14245.1,14244.5,14244.5,14244.5,-73.6956,-6.92423,0.642366,0.555218,0.642366,0
31.392,14244.6,14244.7,14244.6,14244.6,14244.6,-73.6958,-6.9105,0.642176,0.555053,0.642176,0
31.44,14244.6,14244.2,14244.7,14244.7,14244.7,-73.7005,-6.9274,0.642448,0.555284,0.642448,0
31.488,14244.6,14244.2,14244.7,14244.7,14244.7,-73.704,-6.95258,0.642827,0.555607,0.642827,0
31.536,14244.6,14244.7,14244.4,14244.4,14244.4,-73.6985,-6.95327,0.642797,0.555579,0.642797,0
31.584,14244.7,14244.9,14244.3,14244.3,14244.3,-73.6851,-6.92942,0.642364,0.555208,0.642364,0
31.632,14244.6,14244.6,14244.5,14244.5,14244.5,-73.6735,-6.91362,0.642056,0.554945,0.642056,0
31.68,14244.6,14244.1,14244.6,14244.6,14244.6,-73.6707,-6.92786,0.642234,0.5551,0.642234,0
31.728,14244.6,14244.2,14244.7,14244.7,14244.7,-73.6734,-6.95435,0.642624,0.555436,0.642624,0
31.776,14244.6,14244.7,14244.6,14244.6,14244.6,-73.6736,-6.95876,0.642686,0.555491,0.642686,0
31.824,14244.6,14245.1,14244.5,14244.5,14244.5,-73.6701,-6.93542,0.642334,0.555188,0.642334,0
31.872,14244.6,14244.9,14244.6,14244.6,14244.6,-73.67,-6.91475,0.642045,0.554939,0.642045,0
31.92,14244.5,14244.4,14244.8,14244.8,14244.8,-73.6792,-6.92321,0.642233,0.555097,0.642233,0
31.968,14244.5,14244.3,14244.8,14244.8,14244.8,-73.6932,-6.94857,0.642692,0.555489,0.642692,0
32.016,14244.5,14244.7,14244.6,14244.6,14244.6,-73.7017,-6.95623,0.642862,0.555634,0.642862,0
32.064,14244.6,14245.1,14244.5,14244.5,14244.5,-73.7007,-6.93508,0.642558,0.555376,0.642558,0
32.112,14244.6,14244.8,14244.5,14244.5,14244.5,-73.6963,-6.91234,0.642207,0.555077,0.642207,0
32.16,14244.6,14244.3,14244.6,14244.6,14244.6,-73.6958,-6.91781,0.642278,0.555141,0.642278,0
32.208,14244.6,14244.1,14244.6,14244.6,14244.6,-73.6978,-6.94455,0.642667,0.555475,0.642667,0
32.256,14244.6,14244.4,14244.5,14244.5,14244.5,-73.6944,-6.95803,0.642831,0.555615,0.642831,0
32.304,14244.6,14244.9,14244.3,14244.3,14244.3,-73.6828,-6.9415,0.642514,0.555341,0.642514,0
32.352,14244.6,14244.8,14244.4,14244.4,14244.4,-73.6701,-6.91791,0.642091,0.554976,0.642091,0
32.4,14244.6,14244.3,14244.6,14244.6,14244.6,-73.6658,-6.91939,0.64208,0.554964,0.64208,0
32.448,14244.6,14244.1,14244.7,14244.7,14244.7,-73.6704,-6.94472,0.642469,0.555297,0.642469,0
32.496,14244.5,14244.5,14244.6,14244.6,14244.6,-73.6758,-6.96076,0.642734,0.555524,0.642734,0
32.544,14244.5,14245,14244.5,14244.5,14244.5,-73.6765,-6.94615,0.642533,0.555355,0.642533,0
32.592,14244.5,14245,14244.5,14244.5,14244.5,-73.6761,-6.91949,0.642156,0.555035,0.642156,0
32.64,14244.5,14244.5,14244.7,14244.7,14244.7,-73.6823,-6.91497,0.642138,0.555021,0.642138,0
32.688,14244.5,14244.2,14244.8,14244.8,14244.8,-73.6948,-6.93742,0.642545,0.55537,0.642545,0
32.736,14244.5,14244.5,14244.7,14244.7,14244.7,-73.7045,-6.9562,0.64288,0.555657,0.64288,0
32.784,14244.6,14244.9,14244.5,14244.5,14244.5,-73.7041,-6.94577,0.642732,0.555527,0.642732,0
32.832,14244.6,14244.9,14244.4,14244.4,14244.4,-73.6966,-6.91954,0.64231,0.555163,0.64231,0
32.88,14244.6,14244.4,14244.5,14244.5,14244.5,-73.6908,-6.91226,0.642166,0.555038,0.642166,0
32.928,14244.6,14244,14244.6,14244.6,14244.6,-73.6903,-6.93411,0.642468,0.555297,0.642468,0
32.976,14244.6,14244.2,14244.5,14244.5,14244.5,-73.6889,-6.95722,0.642781,0.555567,0.642781,0
33.024,14244.6,14244.7,14244.4,14244.4,14244.4,-73.6808,-6.95219,0.642649,0.555456,0.642649,0
33.072,14244.6,14244.9,14244.3,14244.3,14244.3,-73.6691,-6.92672,0.642205,0.555078,0.642205,0
33.12,14244.6,14244.5,14244.5,14244.5,14244.5,-73.6635,-6.9152,0.642002,0.554904,0.642002,0
33.168,14244.5,14244.2,14244.7,14244.7,14244.7,-73.6685,-6.93324,0.642292,0.555152,0.642292,0
33.216,14244.5,14244.3,14244.7,14244.7,14244.7,-73.678,-6.95698,0.642695,0.555495,0.642695,0
33.264,14244.5,14244.9,14244.6,14244.6,14244.6,-73.6831,-6.95458,0.642701,0.555497,0.642701,0
33.312,14244.5,14245.1,14244.5,14244.5,14244.5,-73.6834,-6.92833,0.642336,0.555184,0.642336,0
33.36,14244.5,14244.7,14244.6,14244.6,14244.6,-73.6861,-6.91178,0.642125,0.555003,0.642125,0
33.408,14244.5,14244.2,14244.7,14244.7,14244.7,-73.6951,-6.92571,0.642386,0.555228,0.642386,0
33.456,14244.5,14244.2,14244.7,14244.7,14244.7,-73.7045,-6.9509,0.642807,0.555592,0.642807,0
33.504,14244.5,14244.7,14244.5,14244.5,14244.5,-73.7053,-6.95367,0.64285,0.555631,0.64285,0
33.552,14244.6,14244.9,14244.3,14244.3,14244.3,-73.6964,-6.93035,0.642458,0.555296,0.642458,0
33.6,14244.6,14244.6,14244.4,14244.4,14244.4,-73.6864,-6.91216,0.642129,0.555014,0.642129,0
33.648,14244.6,14244.1,14244.5,14244.5,14244.5,-73.6826,-6.92392,0.642266,0.555129,0.642266,0
33.696,14244.6,14244,14244.6,14244.6,14244.6,-73.6826,-6.95115,0.642649,0.555454,0.642649,0
33.744,14244.6,14244.5,14244.4,14244.4,14244.4,-73.6789,-6.959,0.642732,0.555523,0.642732,0
33.792,14244.5,14244.9,14244.3,14244.3,14244.3,-73.6702,-6.93797,0.642373,0.555214,0.642373,0
33.84,14244.5,14244.7,14244.5,14244.5,14244.5,-73.6642,-6.91633,0.642026,0.554918,0.642026,0
33.888,14244.5,14244.3,14244.7,14244.7,14244.7,-73.6683,-6.9227,0.642144,0.555022,0.642144,0
33.936,14244.5,14244.2,14244.7,14244.7,14244.7,-73.6798,-6.94828,0.642587,0.555404,0.642587,0
33.984,14244.5,14244.6,14244.6,14244.6,14244.6,-73.689,-6.95858,0.642798,0.555587,0.642798,0
34.032,14244.5,14245,14244.5,14244.5,14244.5,-73.6909,-6.939,0.642538,0.555364,0.642538,0
34.08,14244.5,14244.9,14244.5,14244.5,14244.5,-73.6904,-6.91432,0.64219,0.555065,0.64219,0
34.128,14244.5,14244.3,14244.6,14244.6,14244.6,-73.6946,-6.91621,0.642249,0.555112,0.642249,0
34.176,14244.5,14244.1,14244.7,14244.7,14244.7,-73.702,-6.94159,0.642659,0.555462,0.642659,0
34.224,14244.5,14244.4,14244.5,14244.5,14244.5,-73.7038,-6.95686,0.642887,0.555656,0.642887,0
34.272,14244.6,14244.8,14244.3,14244.3,14244.3,-73.6954,-6.94218,0.642619,0.555427,0.642619,0
34.32,14244.6,14244.7,14244.3,14244.3,14244.3,-73.6829,-6.91763,0.642182,0.555054,0.642182,0
34.368,14244.6,14244.2,14244.5,14244.5,14244.5,-73.6758,-6.91656,0.642113,0.554998,0.642113,0
34.416,14244.5,14244,14244.6,14244.6,14244.6,-73.6762,-6.94141,0.642463,0.555299,0.642463,0
34.464,14244.5,14244.3,14244.5,14244.5,14244.5,-73.6769,-6.96033,0.642733,0.555531,0.642733,0
34.512,14244.5,14244.9,14244.4,14244.4,14244.4,-73.6727,-6.94898,0.642543,0.555367,0.642543,0
34.56,14244.5,14244.9,14244.4,14244.4,14244.4,-73.6676,-6.92253,0.642136,0.555016,0.642136,0
34.608,14244.5,14244.5,14244.6,14244.6,14244.6,-73.6701,-6.91563,0.642059,0.554947,0.642059,0
34.656,14244.5,14244.2,14244.7,14244.7,14244.7,-73.6815,-6.93673,0.642439,0.555272,0.642439,0
34.704,14244.5,14244.4,14244.7,14244.7,14244.7,-73.6933,-6.95707,0.642812,0.555591,0.642812,0
34.752,14244.5,14244.9,14244.5,14244.5,14244.5,-73.6973,-6.9488,0.642725,0.555519,0.642725,0
34.8,14244.5,14245,14244.4,14244.4,14244.4,-73.6948,-6.9219,0.642329,0.555182,0.642329,0
34.848,14244.5,14244.5,14244.5,14244.5,14244.5,-73.6938,-6.91119,0.642171,0.555049,0.642171,0
34.896,14244.5,14244,14244.6,14244.6,14244.6,-73.6975,-6.93053,0.642469,0.555305,0.642469,0
34.944,14244.5,14244.2,14244.5,14244.5,14244.5,-73.6998,-6.9546,0.642823,0.555608,0.642823,0
34.992,14244.5,14244.6,14244.3,14244.3,14244.3,-73.6934,-6.95223,0.642743,0.555537,0.642743,0
35.04,14244.5,14244.8,14244.3,14244.3,14244.3,-73.6806,-6.92743,0.642302,0.555156,0.642302,0
35.088,14244.5,14244.5,14244.4,14244.4,14244.4,-73.671,-6.91392,0.642042,0.554932,0.642042,0
35.136,14244.5,14244,14244.6,14244.6,14244.6,-73.6706,-6.93046,0.642271,0.555127,0.642271,0
35.184,14244.5,14244.2,14244.6,14244.6,14244.6,-73.675,-6.95593,0.642659,0.555461,0.642659,0
35.232,14244.5,14244.7,14244.5,14244.5,14244.5,-73.676,-6.95706,0.642682,0.555483,0.642682,0
35.28,14244.5,14245,14244.4,14244.4,14244.4,-73.6731,-6.93225,0.642312,0.555169,0.642312,0
35.328,14244.5,14244.7,14244.5,14244.5,14244.5,-73.6738,-6.9137,0.642058,0.554952,0.642058,0
35.376,14244.4,14244.2,14244.7,14244.7,14244.7,-73.6832,-6.92505,0.642286,0.555148,0.642286,0
35.424,14244.4,14244.2,14244.7,14244.7,14244.7,-73.6958,-6.95034,0.642734,0.55553,0.642734,0
35.472,14244.5,14244.7,14244.5,14244.5,14244.5,-73.7018,-6.95526,0.642849,0.555626,0.642849,0
35.52,14244.5,14245,14244.4,14244.4,14244.4,-73.6985,-6.9326,0.642508,0.555332,0.642508,0
35.568,14244.5,14244.7,14244.4,14244.4,14244.4,-73.693,-6.91186,0.642177,0.555047,0.642177,0
35.616,14244.5,14244.1,14244.5,14244.5,14244.5,-73.6921,-6.92044,0.64229,0.555145,0.64229,0
35.664,14244.5,14244,14244.5,14244.5,14244.5,-73.6939,-6.94749,0.642681,0.555482,0.642681,0
35.712,14244.5,14244.4,14244.4,14244.4,14244.4,-73.6903,-6.95811,0.642802,0.555588,0.642802,0
35.76,14244.5,14244.8,14244.3,14244.3,14244.3,-73.6793,-6.93925,0.642456,0.555293,0.642456,0
35.808,14244.5,14244.7,14244.3,14244.3,14244.3,-73.6686,-6.91675,0.642061,0.554955,0.642061,0
35.856,14244.5,14244.2,14244.5,14244.5,14244.5,-73.6668,-6.92104,0.642109,0.554995,0.642109,0
35.904,14244.5,14244.1,14244.6,14244.6,14244.6,-73.6733,-6.94691,0.64252,0.555344,0.64252,0
35.952,14244.5,14244.5,14244.5,14244.5,14244.5,-73.6792,-6.96024,0.642752,0.55554,0.642752,0
36,14244.4,14245,14244.4,14244.4,14244.4,-73.6797,-6.94306,0.642515,0.555336,0.642515,0
36.048,14244.4,14244.9,14244.5,14244.5,14244.5,-73.6792,-6.9173,0.642151,0.555025,0.642151,0
36.096,14244.4,14244.4,14244.6,14244.6,14244.6,-73.6851,-6.916,0.642175,0.555048,0.642175,0
36.144,14244.4,14244.1,14244.7,14244.7,14244.7,-73.6964,-6.93993,0.642593,0.555409,0.642593,0
36.192,14244.5,14244.4,14244.5,14244.5,14244.5,-73.7037,-6.95673,0.642882,0.555659,0.642882,0
36.24,14244.5,14244.8,14244.3,14244.3,14244.3,-73.701,-6.94377,0.64268,0.555486,0.64268,0
36.288,14244.5,14244.8,14244.3,14244.3,14244.3,-73.6923,-6.91805,0.642256,0.555122,0.642256,0
36.336,14244.5,14244.3,14244.4,14244.4,14244.4,-73.6867,-6.91384,0.642156,0.555034,0.642156,0
36.384,14244.5,14243.9,14244.5,14244.5,14244.5,-73.6868,-6.93737,0.642487,0.555315,0.642487,0
36.432,14244.5,14244.2,14244.4,14244.4,14244.4,-73.686,-6.9585,0.642778,0.555562,0.642778,0
36.48,14244.5,14244.7,14244.3,14244.3,14244.3,-73.6786,-6.95032,0.642608,0.555416,0.642608,0
36.528,14244.5,14244.8,14244.3,14244.3,14244.3,-73.6686,-6.92442,0.642171,0.555043,0.642171,0
36.576,14244.5,14244.4,14244.5,14244.5,14244.5,-73.6654,-6.9155,0.642022,0.554918,0.642022,0
36.624,14244.4,14244.1,14244.7,14244.7,14244.7,-73.6723,-6.93546,0.642351,0.555202,0.642351,0
36.672,14244.4,14244.3,14244.6,14244.6,14244.6,-73.682,-6.9577,0.642734,0.555532,0.642734,0
36.72,14244.4,14244.8,14244.5,14244.5,14244.5,-73.6863,-6.95226,0.64269,0.555494,0.64269,0
36.768,14244.4,14245,14244.4,14244.4,14244.4,-73.6856,-6.92545,0.64231,0.555166,0.64231,0
36.816,14244.4,14244.6,14244.5,14244.5,14244.5,-73.6875,-6.91169,0.642133,0.555012,0.642133,0
36.864,14244.4,14244.1,14244.6,14244.6,14244.6,-73.6955,-6.92831,0.642425,0.555261,0.642425,0
36.912,14244.5,14244.2,14244.6,14244.6,14244.6,-73.7029,-6.95281,0.642824,0.555602,0.642824,0
36.96,14244.5,14244.6,14244.4,14244.4,14244.4,-73.7015,-6.95269,0.642811,0.555592,0.642811,0
37.008,14244.5,14244.8,14244.3,14244.3,14244.3,-73.6916,-6.92831,0.642395,0.555238,0.642395,0
37.056,14244.5,14244.5,14244.3,14244.3,14244.3,-73.6822,-6.9124,0.642102,0.554989,0.642102,0
37.104,14244.5,14244,14244.5,14244.5,14244.5,-73.6798,-6.92678,0.642285,0.555147,0.642285,0
37.152,14244.5,14244,14244.5,14244.5,14244.5,-73.681,-6.9534,0.642667,0.555474,0.642667,0
37.2,14244.5,14244.5,14244.4,14244.4,14244.4,-73.6782,-6.95799,0.642711,0.55551,0.642711,0
37.248,14244.5,14244.9,14244.3,14244.3,14244.3,-73.6708,-6.93511,0.642336,0.555186,0.642336,0
37.296,14244.4,14244.7,14244.4,14244.4,14244.4,-73.6667,-6.91518,0.642028,0.55492,0.642028,0
37.344,14244.4,14244.2,14244.6,14244.6,14244.6,-73.6724,-6.92435,0.642199,0.555066,0.642199,0
37.392,14244.4,14244.2,14244.7,14244.7,14244.7,-73.684,-6.95,0.642644,0.555448,0.642644,0
37.44,14244.4,14244.6,14244.5,14244.5,14244.5,-73.6919,-6.95751,0.642806,0.555589,0.642806,0
37.488,14244.4,14245,14244.4,14244.4,14244.4,-73.692,-6.93607,0.642506,0.555335,0.642506,0
37.536,14244.4,14244.7,14244.4,14244.4,14244.4,-73.6904,-6.91311,0.642172,0.55505,0.642172,0
37.584,14244.4,14244.2,14244.6,14244.6,14244.6,-73.6937,-6.91827,0.642268,0.555134,0.642268,0
37.632,14244.5,14244,14244.6,14244.6,14244.6,-73.6997,-6.94445,0.64268,0.555485,0.64268,0
37.68,14244.5,14244.4,14244.4,14244.4,14244.4,-73.6999,-6.9572,0.642861,0.555638,0.642861,0
37.728,14244.5,14244.8,14244.2,14244.2,14244.2,-73.6907,-6.94017,0.642556,0.555373,0.642556,0
37.776,14244.5,14244.6,14244.3,14244.3,14244.3,-73.679,-6.91656,0.642139,0.555014,0.642139,0
37.824,14244.5,14244.2,14244.5,14244.5,14244.5,-73.6738,-6.9184,0.642126,0.555004,0.642126,0
37.872,14244.5,14244,14244.5,14244.5,14244.5,-73.676,-6.94412,0.642501,0.555327,0.642501,0
37.92,14244.5,14244.3,14244.5,14244.5,14244.5,-73.6778,-6.96047,0.642743,0.555536,0.642743,0
37.968,14244.4,14244.8,14244.3,14244.3,14244.3,-73.6744,-6.94623,0.642517,0.555345,0.642517,0
38.016,14244.4,14244.8,14244.4,14244.4,14244.4,-73.6704,-6.92016,0.642123,0.555008,0.642123,0
38.064,14244.4,14244.4,14244.6,14244.6,14244.6,-73.674,-6.91625,0.642095,0.554983,0.642095,0
38.112,14244.4,14244.1,14244.7,14244.7,14244.7,-73.6854,-6.93895,0.642498,0.555327,0.642498,0
38.16,14244.4,14244.4,14244.6,14244.6,14244.6,-73.6957,-6.95746,0.642834,0.555612,0.642834,0
38.208,14244.4,14244.8,14244.4,14244.4,14244.4,-73.6975,-6.9465,0.642695,0.555491,0.642695,0
38.256,14244.4,14244.9,14244.3,14244.3,14244.3,-73.6933,-6.91984,0.642291,0.555145,0.642291,0
38.304,14244.5,14244.4,14244.5,14244.5,14244.5,-73.6916,-6.91223,0.642171,0.555044,0.642171,0
38.352,14244.5,14244,14244.6,14244.6,14244.6,-73.6947,-6.93369,0.642494,0.555323,0.642494,0
38.4,14244.5,14244.1,14244.5,14244.5,14244.5,-73.6962,-6.95625,0.642819,0.555604,0.642819,0
38.448,14244.5,14244.6,14244.3,14244.3,14244.3,-73.6893,-6.95082,0.642692,0.555496,0.642692,0
38.496,14244.5,14244.8,14244.2,14244.2,14244.2,-73.6773,-6.92539,0.642247,0.555114,0.642247,0
38.544,14244.5,14244.4,14244.4,14244.4,14244.4,-73.6698,-6.91437,0.642038,0.554933,0.642038,0
38.592,14244.5,14244,14244.6,14244.6,14244.6,-73.6716,-6.93301,0.642313,0.555166,0.642313,0
38.64,14244.4,14244.2,14244.5,14244.5,14244.5,-73.6772,-6.95717,0.642694,0.55549,0.642694,0
38.688,14244.4,14244.7,14244.4,14244.4,14244.4,-73.6785,-6.95506,0.642674,0.555473,0.642674,0
38.736,14244.4,14245,14244.4,14244.4,14244.4,-73.6759,-6.92918,0.642292,0.555147,0.642292,0
38.784,14244.4,14244.6,14244.5,14244.5,14244.5,-73.6771,-6.91306,0.642075,0.554963,0.642075,0
38.832,14244.4,14244.1,14244.6,14244.6,14244.6,-73.6863,-6.92715,0.642339,0.555192,0.642339,0
38.88,14244.4,14244.2,14244.6,14244.6,14244.6,-73.6974,-6.95202,0.642769,0.555562,0.642769,0
38.928,14244.4,14244.6,14244.4,14244.4,14244.4,-73.7011,-6.95412,0.642825,0.555611,0.642825,0
38.976,14244.4,14244.9,14244.3,14244.3,14244.3,-73.6959,-6.9302,0.642453,0.55529,0.642453,0
39.024,14244.5,14244.5,14244.4,14244.4,14244.4,-73.6897,-6.91167,0.642148,0.555026,0.642148,0
39.072,14244.5,14244,14244.5,14244.5,14244.5,-73.689,-6.92321,0.642305,0.555159,0.642305,0
39.12,14244.5,14244,14244.5,14244.5,14244.5,-73.6907,-6.95015,0.642696,0.555492,0.642696,0
39.168,14244.5,14244.4,14244.3,14244.3,14244.3,-73.6871,-6.95774,0.642775,0.55556,0.642775,0
39.216,14244.5,14244.8,14244.2,14244.2,14244.2,-73.6769,-6.93681,0.642406,0.555245,0.642406,0
39.264,14244.5,14244.6,14244.3,14244.3,14244.3,-73.6682,-6.91572,0.642045,0.554939,0.642045,0
39.312,14244.4,14244.1,14244.5,14244.5,14244.5,-73.6687,-6.92281,0.642148,0.555029,0.642148,0
39.36,14244.4,14244.1,14244.6,14244.6,14244.6,-73.6765,-6.94891,0.64257,0.555391,0.64257,0
39.408,14244.4,14244.5,14244.5,14244.5,14244.5,-73.6825,-6.95942,0.642762,0.555555,0.642762,0
39.456,14244.4,14244.9,14244.4,14244.4,14244.4,-73.6824,-6.93997,0.64249,0.555319,0.64249,0
39.504,14244.4,14244.8,14244.4,14244.4,14244.4,-73.6816,-6.91547,0.642142,0.555019,0.642142,0
39.552,14244.4,14244.3,14244.6,14244.6,14244.6,-73.6871,-6.91741,0.642211,0.555076,0.642211,0
39.6,14244.4,14244.1,14244.6,14244.6,14244.6,-73.6971,-6.94247,0.642635,0.55544,0.642635,0
39.648,14244.4,14244.4,14244.5,14244.5,14244.5,-73.7023,-6.95703,0.642877,0.555649,0.642877,0
39.696,14244.4,14244.8,14244.3,14244.3,14244.3,-73.6976,-6.94166,0.642627,0.555437,0.642627,0
39.744,14244.5,14244.7,14244.3,14244.3,14244.3,-73.6883,-6.91675,0.642208,0.555081,0.642208,0
39.792,14244.5,14244.2,14244.4,14244.4,14244.4,-73.6834,-6.91562,0.642155,0.555037,0.642155,0
39.84,14244.5,14243.9,14244.5,14244.5,14244.5,-73.6844,-6.94045,0.642511,0.55534,0.642511,0
39.888,14244.5,14244.2,14244.4,14244.4,14244.4,-73.6841,-6.95932,0.642774,0.555563,0.642774,0
39.936,14244.5,14244.7,14244.3,14244.3,14244.3,-73.6775,-6.94811,0.642568,0.555384,0.642568,0
39.984,14244.4,14244.8,14244.3,14244.3,14244.3,-73.669,-6.92218,0.642144,0.555018,0.642144,0
40.032,14244.4,14244.4,14244.5,14244.5,14244.5,-73.6679,-6.91603,0.642049,0.554937,0.642049,0
40.08,14244.4,14244,14244.6,14244.6,14244.6,-73.6761,-6.9377,0.642413,0.55525,0.642413,0
40.128,14244.4,14244.3,14244.6,14244.6,14244.6,-73.6856,-6.9582,0.642769,0.555558,0.642769,0
40.176,14244.4,14244.8,14244.4,14244.4,14244.4,-73.6887,-6.94983,0.642674,0.555479,0.642674,0
40.224,14244.4,14244.9,14244.4,14244.4,14244.4,-73.6869,-6.92283,0.642282,0.555145,0.642282,0
40.272,14244.4,14244.5,14244.5,14244.5,14244.5,-73.6882,-6.91204,0.642141,0.555024,0.642141,0
40.32,14244.4,14244,14244.6,14244.6,14244.6,-73.6951,-6.93108,0.64246,0.555295,0.64246,0
40.368,14244.4,14244.2,14244.5,14244.5,14244.5,-73.701,-6.9545,0.642832,0.555611,0.642832,0
40.416,14244.5,14244.6,14244.3,14244.3,14244.3,-73.6979,-6.95143,0.642767,0.555553,0.642767,0
40.464,14244.5,14244.8,14244.2,14244.2,14244.2,-73.6874,-6.92627,0.642337,0.555185,0.642337,0
40.512,14244.5,14244.4,14244.3,14244.3,14244.3,-73.679,-6.91283,0.642086,0.55497,0.642086,0
40.56,14244.5,14243.9,14244.5,14244.5,14244.5,-73.6781,-6.92961,0.642314,0.555167,0.642314,0
40.608,14244.4,14244,14244.5,14244.5,14244.5,-73.6805,-6.95526,0.642689,0.555491,0.642689,0
40.656,14244.4,14244.6,14244.3,14244.3,14244.3,-73.6784,-6.95658,0.642692,0.555495,0.642692,0
40.704,14244.4,14244.9,14244.3,14244.3,14244.3,-73.672,-6.9322,0.642303,0.555162,0.642303,0
40.752,14244.4,14244.6,14244.4,14244.4,14244.4,-73.6694,-6.91432,0.642034,0.554931,0.642034,0
40.8,14244.4,14244.1,14244.6,14244.6,14244.6,-73.6763,-6.92622,0.642252,0.555115,0.642252,0
40.848,14244.4,14244.1,14244.6,14244.6,14244.6,-73.6876,-6.95162,0.642693,0.55549,0.642693,0
40.896,14244.4,14244.6,14244.5,14244.5,14244.5,-73.6938,-6.95627,0.642805,0.555585,0.642805,0
40.944,14244.4,14244.9,14244.3,14244.3,14244.3,-73.6923,-6.93326,0.642471,0.555299,0.642471,0
40.992,14244.4,14244.6,14244.4,14244.4,14244.4,-73.6896,-6.91228,0.642157,0.555032,0.642157,0
41.04,14244.4,14244.1,14244.5,14244.5,14244.5,-73.6923,-6.9206,0.642292,0.555151,0.642292,0
41.088,14244.4,14244,14244.5,14244.5,14244.5,-73.6974,-6.94716,0.642701,0.555503,0.642701,0
41.136,14244.4,14244.4,14244.4,14244.4,14244.4,-73.6964,-6.95717,0.642833,0.555617,0.642833,0
41.184,14244.5,14244.8,14244.2,14244.2,14244.2,-73.6868,-6.93798,0.642494,0.555325,0.642494,0
41.232,14244.5,14244.6,14244.3,14244.3,14244.3,-73.6761,-6.91561,0.642102,0.554988,0.642102,0
41.28,14244.4,14244.1,14244.5,14244.5,14244.5,-73.6729,-6.92035,0.642146,0.555022,0.642146,0
41.328,14244.4,14244,14244.5,14244.5,14244.5,-73.6767,-6.94661,0.642542,0.55536,0.642542,0
41.376,14244.4,14244.4,14244.4,14244.4,14244.4,-73.6793,-6.9602,0.642752,0.555539,0.642752,0
41.424,14244.4,14244.9,14244.3,14244.3,14244.3,-73.6763,-6.94333,0.642493,0.555319,0.642493,0
41.472,14244.4,14244.8,14244.4,14244.4,14244.4,-73.6731,-6.91805,0.642114,0.554997,0.642114,0
41.52,14244.4,14244.3,14244.6,14244.6,14244.6,-73.6774,-6.91722,0.642134,0.555017,0.642134,0
41.568,14244.4,14244.1,14244.6,14244.6,14244.6,-73.6885,-6.94123,0.642551,0.555376,0.642551,0
41.616,14244.4,14244.4,14244.5,14244.5,14244.5,-73.6971,-6.95766,0.642845,0.555627,0.642845,0
41.664,14244.4,14244.8,14244.3,14244.3,14244.3,-73.6968,-6.94415,0.642655,0.555462,0.642655,0
41.712,14244.4,14244.8,14244.3,14244.3,14244.3,-73.6914,-6.91804,0.64225,0.555113,0.64225,0
41.76,14244.4,14244.3,14244.4,14244.4,14244.4,-73.6893,-6.9136,0.642173,0.555045,0.642173,0
41.808,14244.4,14243.9,14244.5,14244.5,14244.5,-73.6922,-6.93682,0.64252,0.555341,0.64252,0
41.856,14244.4,14244.2,14244.4,14244.4,14244.4,-73.6931,-6.95753,0.642817,0.555596,0.642817,0
41.904,14244.5,14244.7,14244.2,14244.2,14244.2,-73.6861,-6.94907,0.642645,0.555452,0.642645,0
41.952,14244.4,14244.7,14244.2,14244.2,14244.2,-73.675,-6.92335,0.642202,0.555074,0.642202,0
42,14244.4,14244.3,14244.4,14244.4,14244.4,-73.6696,-6.91499,0.642044,0.554941,0.642044,0
42.048,14244.4,14244,14244.6,14244.6,14244.6,-73.6734,-6.93552,0.642359,0.555211,0.642359,0
42.096,14244.4,14244.2,14244.5,14244.5,14244.5,-73.6797,-6.95809,0.642723,0.555521,0.642723,0
42.144,14244.4,14244.7,14244.4,14244.4,14244.4,-73.681,-6.95283,0.64266,0.555464,0.64266,0
42.192,14244.4,14244.9,14244.3,14244.3,14244.3,-73.6784,-6.92628,0.64227,0.555128,0.64227,0
42.24,14244.4,14244.5,14244.5,14244.5,14244.5,-73.6798,-6.91282,0.642092,0.554975,0.642092,0
42.288,14244.4,14244.1,14244.6,14244.6,14244.6,-73.6886,-6.92948,0.64239,0.555231,0.64239,0
42.336,14244.4,14244.2,14244.6,14244.6,14244.6,-73.6982,-6.95358,0.642798,0.555582,0.642798,0
42.384,14244.4,14244.6,14244.4,14244.4,14244.4,-73.6997,-6.9528,0.642797,0.555584,0.642797,0
42.432,14244.4,14244.8,14244.3,14244.3,14244.3,-73.6931,-6.9279,0.642399,0.555245,0.642399,0
42.48,14244.4,14244.5,14244.3,14244.3,14244.3,-73.6866,-6.91178,0.642126,0.555011,0.642126,0
42.528,14244.4,14244,14244.5,14244.5,14244.5,-73.6864,-6.92606,0.642324,0.55518,0.642324,0
42.576,14244.4,14244,14244.5,14244.5,14244.5,-73.6884,-6.95249,0.64271,0.555508,0.64271,0
42.624,14244.4,14244.5,14244.3,14244.3,14244.3,-73.6849,-6.95693,0.642747,0.555537,0.642747,0
42.672,14244.4,14244.8,14244.2,14244.2,14244.2,-73.6755,-6.93423,0.64236,0.555204,0.64236,0
42.72,14244.4,14244.6,14244.3,14244.3,14244.3,-73.6686,-6.91488,0.642038,0.554928,0.642038,0
42.768,14244.4,14244.1,14244.5,14244.5,14244.5,-73.6712,-6.92472,0.642194,0.555063,0.642194,0
42.816,14244.4,14244.1,14244.6,14244.6,14244.6,-73.6798,-6.95075,0.642622,0.555432,0.642622,0
42.864,14244.4,14244.5,14244.4,14244.4,14244.4,-73.6853,-6.95834,0.642768,0.55556,0.642768,0
42.912,14244.4,14244.9,14244.3,14244.3,14244.3,-73.6845,-6.93692,0.642461,0.555298,0.642461,0
42.96,14244.4,14244.7,14244.4,14244.4,14244.4,-73.6832,-6.91404,0.642132,0.555016,0.642132,0
43.008,14244.4,14244.2,14244.6,14244.6,14244.6,-73.6883,-6.91919,0.642243,0.555109,0.642243,0
43.056,14244.4,14244,14244.6,14244.6,14244.6,-73.6971,-6.94499,0.64267,0.555472,0.64267,0
43.104,14244.4,14244.4,14244.4,14244.4,14244.4,-73.7004,-6.95707,0.642865,0.555637,0.642865,0
43.152,14244.4,14244.8,14244.2,14244.2,14244.2,-73.6942,-6.93946,0.642572,0.555386,0.642572,0
43.2,14244.4,14244.6,14244.3,14244.3,14244.3,-73.6848,-6.91564,0.642169,0.555042,0.642169,0
43.248,14244.4,14244.1,14244.4,14244.4,14244.4,-73.6809,-6.91755,0.642165,0.555041,0.642165,0
43.296,14244.4,14243.9,14244.5,14244.5,14244.5,-73.6829,-6.94335,0.64254,0.555364,0.64254,0
43.344,14244.4,14244.3,14244.4,14244.4,14244.4,-73.6831,-6.9597,0.64277,0.555563,0.64277,0
43.392,14244.4,14244.8,14244.3,14244.3,14244.3,-73.6771,-6.94564,0.642529,0.555356,0.642529,0
43.44,14244.4,14244.8,14244.3,14244.3,14244.3,-73.6701,-6.92008,0.64212,0.555003,0.64212,0
43.488,14244.4,14244.3,14244.5,14244.5,14244.5,-73.6707,-6.91684,0.64208,0.554966,0.64208,0
43.536,14244.4,14244,14244.6,14244.6,14244.6,-73.6797,-6.93996,0.642471,0.555299,0.642471,0
43.584,14244.4,14244.3,14244.5,14244.5,14244.5,-73.6886,-6.95847,0.642797,0.555578,0.642797,0
43.632,14244.4,14244.8,14244.4,14244.4,14244.4,-73.6903,-6.94731,0.642653,0.555455,0.642653,0
43.68,14244.4,14244.9,14244.3,14244.3,14244.3,-73.6875,-6.9205,0.642256,0.555118,0.642256,0
43.728,14244.4,14244.4,14244.5,14244.5,14244.5,-73.6882,-6.9128,0.642152,0.555032,0.642152,0
43.776,14244.4,14244,14244.6,14244.6,14244.6,-73.6944,-6.93395,0.642493,0.555326,0.642493,0
43.824,14244.4,14244.2,14244.5,14244.5,14244.5,-73.6988,-6.95593,0.642834,0.555618,0.642834,0
43.872,14244.4,14244.6,14244.3,14244.3,14244.3,-73.6945,-6.94992,0.642718,0.555517,0.642718,0
43.92,14244.4,14244.7,14244.2,14244.2,14244.2,-73.6839,-6.92428,0.642282,0.555141,0.642282,0
43.968,14244.4,14244.3,14244.3,14244.3,14244.3,-73.6767,-6.91346,0.642078,0.554963,0.642078,0
44.016,14244.4,14243.9,14244.5,14244.5,14244.5,-73.6774,-6.93241,0.642349,0.555194,0.642349,0
44.064,14244.4,14244.1,14244.5,14244.5,14244.5,-73.6807,-6.95676,0.642714,0.555508,0.642714,0
44.112,14244.4,14244.6,14244.3,14244.3,14244.3,-73.6791,-6.95482,0.642674,0.555475,0.642674,0
44.16,14244.4,14244.9,14244.3,14244.3,14244.3,-73.6735,-6.92933,0.642275,0.555136,0.642275,0
44.208,14244.4,14244.5,14244.4,14244.4,14244.4,-73.6721,-6.91378,0.642046,0.554942,0.642046,0
44.256,14244.4,14244.1,14244.6,14244.6,14244.6,-73.6797,-6.92828,0.642305,0.555164,0.642305,0
44.304,14244.4,14244.1,14244.6,14244.6,14244.6,-73.6904,-6.95312,0.642732,0.55553,0.642732,0
44.352,14244.4,14244.6,14244.4,14244.4,14244.4,-73.6949,-6.95486,0.642791,0.555578,0.642791,0
44.4,14244.4,14244.9,14244.3,14244.3,14244.3,-73.6918,-6.93057,0.642429,0.555265,0.642429,0
44.448,14244.4,14244.6,14244.4,14244.4,14244.4,-73.6884,-6.91184,0.642143,0.555018,0.642143,0
44.496,14244.4,14244,14244.5,14244.5,14244.5,-73.6908,-6.92315,0.642318,0.555169,0.642318,0
44.544,14244.4,14244,14244.5,14244.5,14244.5,-73.6952,-6.94967,0.642722,0.555516,0.642722,0
44.592,14244.4,14244.4,14244.3,14244.3,14244.3,-73.6933,-6.95677,0.642806,0.55559,0.642806,0
44.64,14244.4,14244.8,14244.2,14244.2,14244.2,-73.6836,-6.93565,0.642438,0.555277,0.642438,0
44.688,14244.4,14244.5,14244.3,14244.3,14244.3,-73.6742,-6.91482,0.642076,0.554968,0.642076,0
44.736,14244.4,14244.1,14244.5,14244.5,14244.5,-73.673,-6.9224,0.642173,0.555051,0.642173,0
44.784,14244.4,14244,14244.5,14244.5,14244.5,-73.678,-6.94887,0.642582,0.555399,0.642582,0
44.832,14244.4,14244.4,14244.4,14244.4,14244.4,-73.681,-6.95957,0.642755,0.555544,0.642755,0
44.88,14244.4,14244.9,14244.3,14244.3,14244.3,-73.6782,-6.94035,0.642465,0.555294,0.642465,0
44.928,14244.4,14244.7,14244.4,14244.4,14244.4,-73.6755,-6.91625,0.642109,0.554988,0.642109,0
44.976,14244.4,14244.2,14244.5,14244.5,14244.5,-73.6803,-6.91853,0.642176,0.555047,0.642176,0
45.024,14244.4,14244,14244.6,14244.6,14244.6,-73.6908,-6.94354,0.642602,0.555415,0.642602,0
45.072,14244.4,14244.4,14244.5,14244.5,14244.5,-73.6977,-6.95765,0.64285,0.55563,0.64285,0
45.12,14244.4,14244.8,14244.3,14244.3,14244.3,-73.6955,-6.94175,0.642611,0.555427,0.642611,0
45.168,14244.4,14244.7,14244.3,14244.3,14244.3,-73.6891,-6.91652,0.642211,0.555084,0.642211,0
45.216,14244.4,14244.2,14244.4,14244.4,14244.4,-73.687,-6.91524,0.642178,0.555054,0.642178,0
45.264,14244.4,14243.9,14244.5,14244.5,14244.5,-73.6901,-6.93986,0.642546,0.555366,0.642546,0
45.312,14244.4,14244.2,14244.4,14244.4,14244.4,-73.6907,-6.95841,0.642811,0.555591,0.642811,0
45.36,14244.4,14244.7,14244.2,14244.2,14244.2,-73.6836,-6.94704,0.6426,0.555409,0.6426,0
45.408,14244.4,14244.7,14244.2,14244.2,14244.2,-73.6737,-6.92139,0.642167,0.555039,0.642167,0
45.456,14244.4,14244.3,14244.4,14244.4,14244.4,-73.6702,-6.91581,0.642062,0.554951,0.642062,0
45.504,14244.4,14244,14244.6,14244.6,14244.6,-73.6755,-6.93798,0.642411,0.555253,0.642411,0
45.552,14244.4,14244.2,14244.5,14244.5,14244.5,-73.6823,-6.95871,0.64275,0.555545,0.64275,0
45.6,14244.4,14244.8,14244.3,14244.3,14244.3,-73.6832,-6.95042,0.642641,0.555452,0.642641,0
45.648,14244.4,14244.9,14244.3,14244.3,14244.3,-73.6803,-6.92359,0.642245,0.555111,0.642245,0
45.696,14244.4,14244.4,14244.5,14244.5,14244.5,-73.6818,-6.91301,0.642108,0.554992,0.642108,0
45.744,14244.4,14244,14244.6,14244.6,14244.6,-73.6901,-6.93199,0.642437,0.555271,0.642437,0
45.792,14244.4,14244.2,14244.5,14244.5,14244.5,-73.6982,-6.95497,0.642819,0.555597,0.642819,0
45.84,14244.4,14244.6,14244.3,14244.3,14244.3,-73.6978,-6.95128,0.642764,0.555551,0.642764,0
45.888,14244.4,14244.8,14244.2,14244.2,14244.2,-73.6901,-6.92571,0.642349,0.555197,0.642349,0
45.936,14244.4,14244.4,14244.3,14244.3,14244.3,-73.6839,-6.91217,0.642112,0.554996,0.642112,0
45.984,14244.4,14243.9,14244.5,14244.5,14244.5,-73.6844,-6.92894,0.642349,0.555202,0.642349,0
46.032,14244.4,14244,14244.5,14244.5,14244.5,-73.6868,-6.95449,0.642724,0.555524,0.642724,0
46.08,14244.4,14244.5,14244.3,14244.3,14244.3,-73.6835,-6.95573,0.642718,0.555517,0.642718,0
46.128,14244.4,14244.8,14244.2,14244.2,14244.2,-73.6749,-6.93159,0.642317,0.555171,0.642317,0
46.176,14244.4,14244.5,14244.4,14244.4,14244.4,-73.6697,-6.91428,0.642037,0.554929,0.642037,0
46.224,14244.4,14244.1,14244.5,14244.5,14244.5,-73.6738,-6.92676,0.642243,0.555104,0.642243,0
46.272,14244.4,14244.1,14244.6,14244.6,14244.6,-73.6829,-6.95242,0.642669,0.555469,0.642669,0
46.32,14244.4,14244.6,14244.4,14244.4,14244.4,-73.6877,-6.95703,0.642769,0.555556,0.642769,0
46.368,14244.4,14244.9,14244.3,14244.3,14244.3,-73.6858,-6.93395,0.642431,0.555269,0.642431,0
46.416,14244.4,14244.6,14244.4,14244.4,14244.4,-73.6842,-6.91301,0.642125,0.555009,0.642125,0
46.464,14244.4,14244.1,14244.5,14244.5,14244.5,-73.6889,-6.92126,0.642275,0.555139,0.642275,0
46.512,14244.4,14244,14244.5,14244.5,14244.5,-73.6966,-6.94743,0.642699,0.555502,0.642699,0
46.56,14244.4,14244.4,14244.4,14244.4,14244.4,-73.6983,-6.95683,0.642844,0.555624,0.642844,0
46.608,14244.4,14244.8,14244.2,14244.2,14244.2,-73.691,-6.93717,0.642515,0.55534,0.642515,0
46.656,14244.4,14244.6,14244.3,14244.3,14244.3,-73.6819,-6.91473,0.642134,0.555011,0.642134,0
46.704,14244.4,14244.1,14244.4,14244.4,14244.4,-73.6792,-6.91964,0.642183,0.555052,0.642183,0
46.752,14244.4,14243.9,14244.5,14244.5,14244.5,-73.6821,-6.94603,0.642574,0.555388,0.642574,0
46.8,14244.4,14244.3,14244.4,14244.4,14244.4,-73.6828,-6.95966,0.642769,0.555557,0.642769,0
46.848,14244.4,14244.8,14244.3,14244.3,14244.3,-73.6773,-6.94297,0.642494,0.555324,0.642494,0
46.896,14244.4,14244.7,14244.3,14244.3,14244.3,-73.6714,-6.91818,0.642103,0.554991,0.642103,0
46.944,14244.4,14244.2,14244.5,14244.5,14244.5,-73.6734,-6.91792,0.642114,0.555,0.642114,0
46.992,14244.4,14244,14244.6,14244.6,14244.6,-73.6828,-6.94222,0.642524,0.55535,0.642524,0
47.04,14244.4,14244.4,14244.5,14244.5,14244.5,-73.6909,-6.95853,0.642813,0.555595,0.642813,0
47.088,14244.4,14244.8,14244.3,14244.3,14244.3,-73.6911,-6.94474,0.642623,0.55543,0.642623,0
47.136,14244.4,14244.8,14244.3,14244.3,14244.3,-73.6873,-6.91847,0.642227,0.555091,0.642227,0
47.184,14244.4,14244.3,14244.5,14244.5,14244.5,-73.6877,-6.91392,0.642166,0.555039,0.642166,0
47.232,14244.4,14243.9,14244.5,14244.5,14244.5,-73.6934,-6.93686,0.642529,0.555351,0.642529,0
47.28,14244.4,14244.2,14244.4,14244.4,14244.4,-73.6967,-6.95706,0.642835,0.555616,0.642835,0
47.328,14244.4,14244.7,14244.2,14244.2,14244.2,-73.6913,-6.94815,0.64267,0.555477,0.64267,0
47.376,14244.4,14244.7,14244.2,14244.2,14244.2,-73.681,-6.92235,0.642232,0.555102,0.642232,0
47.424,14244.4,14244.3,14244.4,14244.4,14244.4,-73.6752,-6.91428,0.642076,0.554967,0.642076,0
47.472,14244.4,14243.9,14244.5,14244.5,14244.5,-73.6775,-6.93515,0.642386,0.55523,0.642386,0
47.52,14244.4,14244.1,14244.5,14244.5,14244.5,-73.6816,-6.9579,0.642736,0.555527,0.642736,0
47.568,14244.4,14244.7,14244.3,14244.3,14244.3,-73.6802,-6.95278,0.642654,0.555456,0.642654,0
47.616,14244.4,14244.9,14244.3,14244.3,14244.3,-73.6751,-6.92656,0.64225,0.555109,0.64225,0
47.664,14244.4,14244.5,14244.4,14244.4,14244.4,-73.6747,-6.91359,0.642064,0.554952,0.642064,0
47.712,14244.4,14244.1,14244.6,14244.6,14244.6,-73.6826,-6.93053,0.642359,0.555208,0.642359,0
47.76,14244.4,14244.2,14244.5,14244.5,14244.5,-73.6924,-6.95448,0.642767,0.555559,0.642767,0
47.808,14244.4,14244.7,14244.4,14244.4,14244.4,-73.6952,-6.95327,0.64277,0.555563,0.64277,0
47.856,14244.4,14244.9,14244.3,14244.3,14244.3,-73.6907,-6.92803,0.642384,0.555232,0.642384,0
47.904,14244.4,14244.5,14244.4,14244.4,14244.4,-73.687,-6.91175,0.642129,0.555011,0.642129,0
47.952,14244.4,14244,14244.5,14244.5,14244.5,-73.6892,-6.92586,0.642344,0.555193,0.642344,0
48,14244.4,14244,14244.5,14244.5,14244.5,-73.6932,-6.95194,0.642739,0.555529,0.642739,0
48.048,14244.4,14244.5,14244.3,14244.3,14244.3,-73.6907,-6.95601,0.642777,0.555562,0.642777,0
48.096,14244.4,14244.8,14244.2,14244.2,14244.2,-73.6812,-6.93323,0.642388,0.555229,0.642388,0
48.144,14244.4,14244.5,14244.3,14244.3,14244.3,-73.6731,-6.91423,0.642061,0.554952,0.642061,0
48.192,14244.4,14244,14244.5,14244.5,14244.5,-73.6737,-6.92455,0.642209,0.55508,0.642209,0
48.24,14244.4,14244,14244.5,14244.5,14244.5,-73.6798,-6.95091,0.642623,0.555436,0.642623,0
48.288,14244.4,14244.5,14244.4,14244.4,14244.4,-73.6828,-6.95861,0.642753,0.555547,0.642753,0
48.336,14244.4,14244.9,14244.3,14244.3,14244.3,-73.6799,-6.93735,0.642434,0.555273,0.642434,0
48.384,14244.4,14244.7,14244.4,14244.4,14244.4,-73.6775,-6.91479,0.642102,0.554986,0.642102,0
48.432,14244.4,14244.2,14244.5,14244.5,14244.5,-73.6826,-6.92016,0.642216,0.555081,0.642216,0
48.48,14244.4,14244,14244.6,14244.6,14244.6,-73.6924,-6.94583,0.642648,0.55545,0.642648,0
48.528,14244.4,14244.4,14244.4,14244.4,14244.4,-73.6976,-6.95742,0.642848,0.555623,0.642848,0
48.576,14244.4,14244.8,14244.3,14244.3,14244.3,-73.6938,-6.93931,0.642566,0.555383,0.642566,0
48.624,14244.4,14244.7,14244.3,14244.3,14244.3,-73.6869,-6.91526,0.642177,0.555053,0.642177,0
48.672,14244.4,14244.1,14244.4,14244.4,14244.4,-73.6851,-6.91712,0.642189,0.555065,0.642189,0
48.72,14244.4,14243.9,14244.5,14244.5,14244.5,-73.6883,-6.94277,0.642572,0.555393,0.642572,0
48.768,14244.4,14244.3,14244.4,14244.4,14244.4,-73.6888,-6.95889,0.642801,0.555588,0.642801,0
48.816,14244.4,14244.7,14244.2,14244.2,14244.2,-73.6819,-6.94476,0.642553,0.555373,0.642553,0
48.864,14244.4,14244.7,14244.3,14244.3,14244.3,-73.6731,-6.91954,0.642136,0.555013,0.642136,0
48.912,14244.4,14244.2,14244.4,14244.4,14244.4,-73.6714,-6.91685,0.642087,0.554969,0.642087,0
48.96,14244.4,14244,14244.6,14244.6,14244.6,-73.6779,-6.9404,0.642465,0.555294,0.642465,0
49.008,14244.4,14244.3,14244.5,14244.5,14244.5,-73.6847,-6.95904,0.642775,0.555561,0.642775,0
49.056,14244.4,14244.8,14244.3,14244.3,14244.3,-73.6849,-6.94787,0.642619,0.555431,0.642619,0
49.104,14244.4,14244.8,14244.3,14244.3,14244.3,-73.6817,-6.92116,0.642221,0.555092,0.642221,0
49.152,14244.4,14244.4,14244.5,14244.5,14244.5,-73.6832,-6.91359,0.642125,0.555011,0.642125,0
49.2,14244.4,14244,14244.6,14244.6,14244.6,-73.691,-6.93463,0.642478,0.555312,0.642478,0
49.248,14244.4,14244.2,14244.5,14244.5,14244.5,-73.6977,-6.95614,0.64283,0.555611,0.64283,0
49.296,14244.4,14244.7,14244.3,14244.3,14244.3,-73.6957,-6.94956,0.642724,0.555518,0.642724,0
49.344,14244.4,14244.8,14244.2,14244.2,14244.2,-73.6873,-6.92362,0.642299,0.555152,0.642299,0
49.392,14244.4,14244.3,14244.4,14244.4,14244.4,-73.6817,-6.91281,0.642106,0.554987,0.642106,0
49.44,14244.4,14243.9,14244.5,14244.5,14244.5,-73.683,-6.93184,0.642382,0.555224,0.642382,0
49.488,14244.4,14244.1,14244.4,14244.4,14244.4,-73.6858,-6.95614,0.642741,0.555535,0.642741,0
49.536,14244.4,14244.6,14244.3,14244.3,14244.3,-73.6826,-6.95418,0.64269,0.555493,0.64269,0
49.584,14244.4,14244.8,14244.2,14244.2,14244.2,-73.6748,-6.92895,0.642278,0.555141,0.642278,0
49.632,14244.4,14244.5,14244.4,14244.4,14244.4,-73.6711,-6.91394,0.642041,0.554938,0.642041,0
49.68,14244.4,14244,14244.6,14244.6,14244.6,-73.6765,-6.92894,0.642292,0.55515,0.642292,0
49.728,14244.4,14244.1,14244.5,14244.5,14244.5,-73.6856,-6.95391,0.64271,0.555506,0.64271,0
49.776,14244.4,14244.6,14244.4,14244.4,14244.4,-73.6894,-6.95551,0.642761,0.555548,0.642761,0
49.824,14244.4,14244.9,14244.3,14244.3,14244.3,-73.6866,-6.9311,0.642399,0.555237,0.642399,0
49.872,14244.4,14244.6,14244.4,14244.4,14244.4,-73.6846,-6.91236,0.642121,0.555,0.642121,0
49.92,14244.4,14244.1,14244.5,14244.5,14244.5,-73.689,-6.92359,0.64231,0.555165,0.64231,0
49.968,14244.4,14244,14244.5,14244.5,14244.5,-73.6958,-6.94973,0.642725,0.555523,0.642725,0
